top_category	rel_path	file_name	stem	data_block	chemical_name_common	chemical_name_mineral	chemical_name_systematic	chemical_formula_sum	search_key
.	amorphPeak.cif	amorphPeak.cif	amorphPeak	amorphPeak	amorphPeak			?	amorphpeak | amorphpeak | amorphpeak | ? | . | amorphpeak.cif
Alumina-Titania-Zirconia-Yttria	Alumina-Titania-Zirconia-Yttria/Al2O3-alpha.cif	Al2O3-alpha.cif	Al2O3-alpha	alphaAl2O3	alphaAl2O3			Al2 O3	al2o3-alpha | alphaal2o3 | alphaal2o3 | al2 o3 | alumina-titania-zirconia-yttria | alumina-titania-zirconia-yttria/al2o3-alpha.cif
Alumina-Titania-Zirconia-Yttria	Alumina-Titania-Zirconia-Yttria/Al2O3-beta-Na.cif	Al2O3-beta-Na.cif	Al2O3-beta-Na	Sodium11aluminiumoxide	Sodium11aluminiumoxide			Al11 Na O17	al2o3-beta-na | sodium11aluminiumoxide | sodium11aluminiumoxide | al11 na o17 | alumina-titania-zirconia-yttria | alumina-titania-zirconia-yttria/al2o3-beta-na.cif
Alumina-Titania-Zirconia-Yttria	Alumina-Titania-Zirconia-Yttria/Al2O3-delta-m.cif	Al2O3-delta-m.cif	Al2O3-delta-m	deltaAl2O3m	deltaAl2O3m			Al2 O3	al2o3-delta-m | deltaal2o3m | deltaal2o3m | al2 o3 | alumina-titania-zirconia-yttria | alumina-titania-zirconia-yttria/al2o3-delta-m.cif
Alumina-Titania-Zirconia-Yttria	Alumina-Titania-Zirconia-Yttria/Al2O3-delta-o.cif	Al2O3-delta-o.cif	Al2O3-delta-o	deltaAl2O3o	deltaAl2O3o			Al2 O3	al2o3-delta-o | deltaal2o3o | deltaal2o3o | al2 o3 | alumina-titania-zirconia-yttria | alumina-titania-zirconia-yttria/al2o3-delta-o.cif
Alumina-Titania-Zirconia-Yttria	Alumina-Titania-Zirconia-Yttria/Al2O3-gamma.cif	Al2O3-gamma.cif	Al2O3-gamma	gammaAl2O3	gammaAl2O3			Al2 O3	al2o3-gamma | gammaal2o3 | gammaal2o3 | al2 o3 | alumina-titania-zirconia-yttria | alumina-titania-zirconia-yttria/al2o3-gamma.cif
Alumina-Titania-Zirconia-Yttria	Alumina-Titania-Zirconia-Yttria/Al2O3-gamma-prime.cif	Al2O3-gamma-prime.cif	Al2O3-gamma-prime	gammapAl2O3	gammapAl2O3			Al2 O3	al2o3-gamma-prime | gammapal2o3 | gammapal2o3 | al2 o3 | alumina-titania-zirconia-yttria | alumina-titania-zirconia-yttria/al2o3-gamma-prime.cif
Alumina-Titania-Zirconia-Yttria	Alumina-Titania-Zirconia-Yttria/Al2O3-kappa.cif	Al2O3-kappa.cif	Al2O3-kappa	kappaAl2O3	kappaAl2O3			Al2 O3	al2o3-kappa | kappaal2o3 | kappaal2o3 | al2 o3 | alumina-titania-zirconia-yttria | alumina-titania-zirconia-yttria/al2o3-kappa.cif
Alumina-Titania-Zirconia-Yttria	Alumina-Titania-Zirconia-Yttria/Al2O3-Mg-beta-Na.cif	Al2O3-Mg-beta-Na.cif	Al2O3-Mg-beta-Na	MagnesiumAluminumOxideSodiumOxide	MagnesiumAluminumOxideSodiumOxide			( Al10.35 Mg0.65 O16 ) ( Na1.678 O )	al2o3-mg-beta-na | magnesiumaluminumoxidesodiumoxide | magnesiumaluminumoxidesodiumoxide | ( al10.35 mg0.65 o16 ) ( na1.678 o ) | alumina-titania-zirconia-yttria | alumina-titania-zirconia-yttria/al2o3-mg-beta-na.cif
Alumina-Titania-Zirconia-Yttria	Alumina-Titania-Zirconia-Yttria/Al2O3-Mg-beta-Na-2.cif	Al2O3-Mg-beta-Na-2.cif	Al2O3-Mg-beta-Na-2	SodiumMagnesiumAluminumOxide	SodiumMagnesiumAluminumOxide			Na1.67 Mg0.67 Al10.33 O17	al2o3-mg-beta-na-2 | sodiummagnesiumaluminumoxide | sodiummagnesiumaluminumoxide | na1.67 mg0.67 al10.33 o17 | alumina-titania-zirconia-yttria | alumina-titania-zirconia-yttria/al2o3-mg-beta-na-2.cif
Alumina-Titania-Zirconia-Yttria	Alumina-Titania-Zirconia-Yttria/Al2O3-theta.cif	Al2O3-theta.cif	Al2O3-theta	thetaAl2O3	thetaAl2O3			Al2 O3	al2o3-theta | thetaal2o3 | thetaal2o3 | al2 o3 | alumina-titania-zirconia-yttria | alumina-titania-zirconia-yttria/al2o3-theta.cif
Alumina-Titania-Zirconia-Yttria	Alumina-Titania-Zirconia-Yttria/Al2Y4O9.cif	Al2Y4O9.cif	Al2Y4O9	Al2Y4O9	Al2Y4O9			Y4 Al2 O9	al2y4o9 | al2y4o9 | al2y4o9 | y4 al2 o9 | alumina-titania-zirconia-yttria | alumina-titania-zirconia-yttria/al2y4o9.cif
Alumina-Titania-Zirconia-Yttria	Alumina-Titania-Zirconia-Yttria/AlOOH.cif	AlOOH.cif	AlOOH	AluminumOxideHydroxide	AluminumOxideHydroxide			Al O ( O H )	alooh | aluminumoxidehydroxide | aluminumoxidehydroxide | al o ( o h ) | alumina-titania-zirconia-yttria | alumina-titania-zirconia-yttria/alooh.cif
Alumina-Titania-Zirconia-Yttria	Alumina-Titania-Zirconia-Yttria/TiO2-Anatase.cif	TiO2-Anatase.cif	TiO2-Anatase	TiO2a	TiO2a			Ti O2	tio2-anatase | tio2a | tio2a | ti o2 | alumina-titania-zirconia-yttria | alumina-titania-zirconia-yttria/tio2-anatase.cif
Alumina-Titania-Zirconia-Yttria	Alumina-Titania-Zirconia-Yttria/TiO2-Rutile.cif	TiO2-Rutile.cif	TiO2-Rutile	TiO2r	TiO2r			Ti O2	tio2-rutile | tio2r | tio2r | ti o2 | alumina-titania-zirconia-yttria | alumina-titania-zirconia-yttria/tio2-rutile.cif
Alumina-Titania-Zirconia-Yttria	Alumina-Titania-Zirconia-Yttria/Y-TZP-t.cif	Y-TZP-t.cif	Y-TZP-t	YTZPtetra	YTZPtetra			Y0.126 Zr0.874 O1.937	y-tzp-t | ytzptetra | ytzptetra | y0.126 zr0.874 o1.937 | alumina-titania-zirconia-yttria | alumina-titania-zirconia-yttria/y-tzp-t.cif
Alumina-Titania-Zirconia-Yttria	Alumina-Titania-Zirconia-Yttria/Y2O3.cif	Y2O3.cif	Y2O3	Y2O3	Y2O3			Y2 O3	y2o3 | y2o3 | y2o3 | y2 o3 | alumina-titania-zirconia-yttria | alumina-titania-zirconia-yttria/y2o3.cif
Alumina-Titania-Zirconia-Yttria	Alumina-Titania-Zirconia-Yttria/YAlO3.cif	YAlO3.cif	YAlO3	YAlO3	YAlO3			Y Al O3	yalo3 | yalo3 | yalo3 | y al o3 | alumina-titania-zirconia-yttria | alumina-titania-zirconia-yttria/yalo3.cif
Alumina-Titania-Zirconia-Yttria	Alumina-Titania-Zirconia-Yttria/YZrO2.cif	YZrO2.cif	YZrO2	YZrO2	YZrO2			Y0.133 Zr0.867 O1.934	yzro2 | yzro2 | yzro2 | y0.133 zr0.867 o1.934 | alumina-titania-zirconia-yttria | alumina-titania-zirconia-yttria/yzro2.cif
Alumina-Titania-Zirconia-Yttria	Alumina-Titania-Zirconia-Yttria/ZrO2-c.cif	ZrO2-c.cif	ZrO2-c	ZrO2cubic	ZrO2cubic			Zr O2	zro2-c | zro2cubic | zro2cubic | zr o2 | alumina-titania-zirconia-yttria | alumina-titania-zirconia-yttria/zro2-c.cif
Alumina-Titania-Zirconia-Yttria	Alumina-Titania-Zirconia-Yttria/ZrO2-m.cif	ZrO2-m.cif	ZrO2-m	ZrO2monoclinic	ZrO2monoclinic			Zr O2	zro2-m | zro2monoclinic | zro2monoclinic | zr o2 | alumina-titania-zirconia-yttria | alumina-titania-zirconia-yttria/zro2-m.cif
Alumina-Titania-Zirconia-Yttria	Alumina-Titania-Zirconia-Yttria/ZrO2-t.cif	ZrO2-t.cif	ZrO2-t	ZrO2tetragonal	ZrO2tetragonal			Zr O2	zro2-t | zro2tetragonal | zro2tetragonal | zr o2 | alumina-titania-zirconia-yttria | alumina-titania-zirconia-yttria/zro2-t.cif
BGMN	BGMN/Actinolite.cif	Actinolite.cif	Actinolite	ACTINOLITE	ACTINOLITE			?	actinolite | actinolite | actinolite | ? | bgmn | bgmn/actinolite.cif
BGMN	BGMN/Aegirine.cif	Aegirine.cif	Aegirine	Aegirine	Aegirine			?	aegirine | aegirine | aegirine | ? | bgmn | bgmn/aegirine.cif
BGMN	BGMN/AKAGANEI.cif	AKAGANEI.cif	AKAGANEI	Akaganeite	Akaganeite			?	akaganei | akaganeite | akaganeite | ? | bgmn | bgmn/akaganei.cif
BGMN	BGMN/Akermanite.cif	Akermanite.cif	Akermanite	Akermanite	Akermanite			?	akermanite | akermanite | akermanite | ? | bgmn | bgmn/akermanite.cif
BGMN	BGMN/Al.cif	Al.cif	Al	Aluminum	Aluminum			?	al | aluminum | aluminum | ? | bgmn | bgmn/al.cif
BGMN	BGMN/ALBINT.cif	ALBINT.cif	ALBINT	Albite_intermediate	Albite_intermediate			?	albint | albite_intermediate | albite_intermediate | ? | bgmn | bgmn/albint.cif
BGMN	BGMN/Albite.cif	Albite.cif	Albite	Plagioclase_Albite	Plagioclase_Albite			?	albite | plagioclase_albite | plagioclase_albite | ? | bgmn | bgmn/albite.cif
BGMN	BGMN/ALF3.cif	ALF3.cif	ALF3	AlF3	AlF3			?	alf3 | alf3 | alf3 | ? | bgmn | bgmn/alf3.cif
BGMN	BGMN/ALFEO3.cif	ALFEO3.cif	ALFEO3	AlFeO3	AlFeO3			?	alfeo3 | alfeo3 | alfeo3 | ? | bgmn | bgmn/alfeo3.cif
BGMN	BGMN/Almandine.cif	Almandine.cif	Almandine	Almandine	Almandine			?	almandine | almandine | almandine | ? | bgmn | bgmn/almandine.cif
BGMN	BGMN/ALN.cif	ALN.cif	ALN	AlN_hex	AlN_hex			?	aln | aln_hex | aln_hex | ? | bgmn | bgmn/aln.cif
BGMN	BGMN/ALTIO5.cif	ALTIO5.cif	ALTIO5	AlTiO5	AlTiO5			?	altio5 | altio5 | altio5 | ? | bgmn | bgmn/altio5.cif
BGMN	BGMN/ALUMIGAM.cif	ALUMIGAM.cif	ALUMIGAM	Alumina_Gamma	Alumina_Gamma			?	alumigam | alumina_gamma | alumina_gamma | ? | bgmn | bgmn/alumigam.cif
BGMN	BGMN/ALUNITE.cif	ALUNITE.cif	ALUNITE	Alunite	Alunite			?	alunite | alunite | alunite | ? | bgmn | bgmn/alunite.cif
BGMN	BGMN/ALUNOGEN.cif	ALUNOGEN.cif	ALUNOGEN	Alunogen	Alunogen			?	alunogen | alunogen | alunogen | ? | bgmn | bgmn/alunogen.cif
BGMN	BGMN/Amesite.cif	Amesite.cif	Amesite	Amesite	Amesite			?	amesite | amesite | amesite | ? | bgmn | bgmn/amesite.cif
BGMN	BGMN/Analbite.cif	Analbite.cif	Analbite	Plagioclase_Analbite	Plagioclase_Analbite			?	analbite | plagioclase_analbite | plagioclase_analbite | ? | bgmn | bgmn/analbite.cif
BGMN	BGMN/ANALCIMC.cif	ANALCIMC.cif	ANALCIMC	Analcime_cubic	Analcime_cubic			?	analcimc | analcime_cubic | analcime_cubic | ? | bgmn | bgmn/analcimc.cif
BGMN	BGMN/ANATASE.cif	ANATASE.cif	ANATASE	ANATASE	ANATASE			?	anatase | anatase | anatase | ? | bgmn | bgmn/anatase.cif
BGMN	BGMN/Andalusite.cif	Andalusite.cif	Andalusite	ANDALUSITE	ANDALUSITE			?	andalusite | andalusite | andalusite | ? | bgmn | bgmn/andalusite.cif
BGMN	BGMN/Anglesite.cif	Anglesite.cif	Anglesite	Anglesite	Anglesite			?	anglesite | anglesite | anglesite | ? | bgmn | bgmn/anglesite.cif
BGMN	BGMN/Anhydrite.cif	Anhydrite.cif	Anhydrite	ANHYDRITE	ANHYDRITE			?	anhydrite | anhydrite | anhydrite | ? | bgmn | bgmn/anhydrite.cif
BGMN	BGMN/Ankerit02.cif	Ankerit02.cif	Ankerit02	Ankerite_Fe0_2	Ankerite_Fe0.2			?	ankerit02 | ankerite_fe0_2 | ankerite_fe0.2 | ? | bgmn | bgmn/ankerit02.cif
BGMN	BGMN/Ankerit05.cif	Ankerit05.cif	Ankerit05	Ankerite_Fe0_54	Ankerite_Fe0.54			?	ankerit05 | ankerite_fe0_54 | ankerite_fe0.54 | ? | bgmn | bgmn/ankerit05.cif
BGMN	BGMN/Ankerit07.cif	Ankerit07.cif	Ankerit07	Ankerite_Fe0_7	Ankerite_Fe0.7			?	ankerit07 | ankerite_fe0_7 | ankerite_fe0.7 | ? | bgmn | bgmn/ankerit07.cif
BGMN	BGMN/ANNITE.cif	ANNITE.cif	ANNITE	Annite	Annite			?	annite | annite | annite | ? | bgmn | bgmn/annite.cif
BGMN	BGMN/Anorthite.cif	Anorthite.cif	Anorthite	PLAGIOCLASE_ANORTHITE	PLAGIOCLASE_ANORTHITE			?	anorthite | plagioclase_anorthite | plagioclase_anorthite | ? | bgmn | bgmn/anorthite.cif
BGMN	BGMN/ANORTK15.cif	ANORTK15.cif	ANORTK15	Albite_high_K15	Albite_high_K15			?	anortk15 | albite_high_k15 | albite_high_k15 | ? | bgmn | bgmn/anortk15.cif
BGMN	BGMN/ANORTK25.cif	ANORTK25.cif	ANORTK25	Albite_high_K25	Albite_high_K25			?	anortk25 | albite_high_k25 | albite_high_k25 | ? | bgmn | bgmn/anortk25.cif
BGMN	BGMN/ANORTK33.cif	ANORTK33.cif	ANORTK33	Albite_high_K33	Albite_high_K33			?	anortk33 | albite_high_k33 | albite_high_k33 | ? | bgmn | bgmn/anortk33.cif
BGMN	BGMN/Anthracene.cif	Anthracene.cif	Anthracene	Anthracene	Anthracene			?	anthracene | anthracene | anthracene | ? | bgmn | bgmn/anthracene.cif
BGMN	BGMN/Aphthitalite.cif	Aphthitalite.cif	Aphthitalite	Aphthitalite	Aphthitalite			?	aphthitalite | aphthitalite | aphthitalite | ? | bgmn | bgmn/aphthitalite.cif
BGMN	BGMN/Aragonite.cif	Aragonite.cif	Aragonite	Aragonite	Aragonite			?	aragonite | aragonite | aragonite | ? | bgmn | bgmn/aragonite.cif
BGMN	BGMN/ARCANITE.cif	ARCANITE.cif	ARCANITE	Arcanite_K2SO4	Arcanite_K2SO4			?	arcanite | arcanite_k2so4 | arcanite_k2so4 | ? | bgmn | bgmn/arcanite.cif
BGMN	BGMN/ARSENIC.cif	ARSENIC.cif	ARSENIC	Arsenic	Arsenic			?	arsenic | arsenic | arsenic | ? | bgmn | bgmn/arsenic.cif
BGMN	BGMN/Arsenolite.cif	Arsenolite.cif	Arsenolite	Arsenolite	Arsenolite			?	arsenolite | arsenolite | arsenolite | ? | bgmn | bgmn/arsenolite.cif
BGMN	BGMN/Augite.cif	Augite.cif	Augite	Augite	Augite			?	augite | augite | augite | ? | bgmn | bgmn/augite.cif
BGMN	BGMN/AZURITE.cif	AZURITE.cif	AZURITE	Azurite	Azurite			?	azurite | azurite | azurite | ? | bgmn | bgmn/azurite.cif
BGMN	BGMN/Ba2ti9o20.cif	Ba2ti9o20.cif	Ba2ti9o20	Ba2Ti9O20	Ba2Ti9O20			?	ba2ti9o20 | ba2ti9o20 | ba2ti9o20 | ? | bgmn | bgmn/ba2ti9o20.cif
BGMN	BGMN/BA2TIO4.cif	BA2TIO4.cif	BA2TIO4	Ba2TiO4	Ba2TiO4			?	ba2tio4 | ba2tio4 | ba2tio4 | ? | bgmn | bgmn/ba2tio4.cif
BGMN	BGMN/BA6TI17O.cif	BA6TI17O.cif	BA6TI17O	Ba6Ti17O40	Ba6Ti17O40			?	ba6ti17o | ba6ti17o40 | ba6ti17o40 | ? | bgmn | bgmn/ba6ti17o.cif
BGMN	BGMN/BARITE.cif	BARITE.cif	BARITE	Barite	Barite			?	barite | barite | barite | ? | bgmn | bgmn/barite.cif
BGMN	BGMN/Bassanite.cif	Bassanite.cif	Bassanite	Bassanite	Bassanite			?	bassanite | bassanite | bassanite | ? | bgmn | bgmn/bassanite.cif
BGMN	BGMN/BATI2O5.cif	BATI2O5.cif	BATI2O5	BaTi2O5	BaTi2O5			?	bati2o5 | bati2o5 | bati2o5 | ? | bgmn | bgmn/bati2o5.cif
BGMN	BGMN/BATI4O9.cif	BATI4O9.cif	BATI4O9	BaTi4O9	BaTi4O9			?	bati4o9 | bati4o9 | bati4o9 | ? | bgmn | bgmn/bati4o9.cif
BGMN	BGMN/BaTi5O11.cif	BaTi5O11.cif	BaTi5O11	BaTi5O11	BaTi5O11			?	bati5o11 | bati5o11 | bati5o11 | ? | bgmn | bgmn/bati5o11.cif
BGMN	BGMN/BATIO3C.cif	BATIO3C.cif	BATIO3C	BaTiO3_cubic	BaTiO3_cubic			?	batio3c | batio3_cubic | batio3_cubic | ? | bgmn | bgmn/batio3c.cif
BGMN	BGMN/BATIO3H.cif	BATIO3H.cif	BATIO3H	BaTiO3_hex	BaTiO3_hex			?	batio3h | batio3_hex | batio3_hex | ? | bgmn | bgmn/batio3h.cif
BGMN	BGMN/Batio3t.cif	Batio3t.cif	Batio3t	BaTiO3_tet	BaTiO3_tet			?	batio3t | batio3_tet | batio3_tet | ? | bgmn | bgmn/batio3t.cif
BGMN	BGMN/Bayerite.cif	Bayerite.cif	Bayerite	bayerite	bayerite			?	bayerite | bayerite | bayerite | ? | bgmn | bgmn/bayerite.cif
BGMN	BGMN/Berthierite.cif	Berthierite.cif	Berthierite	Berthierite	Berthierite			?	berthierite | berthierite | berthierite | ? | bgmn | bgmn/berthierite.cif
BGMN	BGMN/BERYL.cif	BERYL.cif	BERYL	Beryl	Beryl			?	beryl | beryl | beryl | ? | bgmn | bgmn/beryl.cif
BGMN	BGMN/BEUDANTI.cif	BEUDANTI.cif	BEUDANTI	Beudantite	Beudantite			?	beudanti | beudantite | beudantite | ? | bgmn | bgmn/beudanti.cif
BGMN	BGMN/Biotite1M.cif	Biotite1M.cif	Biotite1M	Biotite_M	Biotite_M			?	biotite1m | biotite_m | biotite_m | ? | bgmn | bgmn/biotite1m.cif
BGMN	BGMN/Biotite1mf.cif	Biotite1mf.cif	Biotite1mf	Biotite1mf	Biotite1mf			?	biotite1mf | biotite1mf | biotite1mf | ? | bgmn | bgmn/biotite1mf.cif
BGMN	BGMN/Bixbyite.cif	Bixbyite.cif	Bixbyite	Bixbyite	Bixbyite			?	bixbyite | bixbyite | bixbyite | ? | bgmn | bgmn/bixbyite.cif
BGMN	BGMN/Bloedite.cif	Bloedite.cif	Bloedite	Bloedite	Bloedite			?	bloedite | bloedite | bloedite | ? | bgmn | bgmn/bloedite.cif
BGMN	BGMN/Boehmite.cif	Boehmite.cif	Boehmite	Boehmite	Boehmite			?	boehmite | boehmite | boehmite | ? | bgmn | bgmn/boehmite.cif
BGMN	BGMN/Bonattite.cif	Bonattite.cif	Bonattite	Bonattite	Bonattite			?	bonattite | bonattite | bonattite | ? | bgmn | bgmn/bonattite.cif
BGMN	BGMN/BORNITE.cif	BORNITE.cif	BORNITE	Bornite	Bornite			?	bornite | bornite | bornite | ? | bgmn | bgmn/bornite.cif
BGMN	BGMN/Braunite.cif	Braunite.cif	Braunite	Braunite	Braunite			?	braunite | braunite | braunite | ? | bgmn | bgmn/braunite.cif
BGMN	BGMN/BREDIGIT.cif	BREDIGIT.cif	BREDIGIT	Bredigite	Bredigite			?	bredigit | bredigite | bredigite | ? | bgmn | bgmn/bredigit.cif
BGMN	BGMN/BROOKITE.cif	BROOKITE.cif	BROOKITE	Brookite	Brookite			?	brookite | brookite | brookite | ? | bgmn | bgmn/brookite.cif
BGMN	BGMN/BROWNMG.cif	BROWNMG.cif	BROWNMG	Brownmillerite_Si_Mg	Brownmillerite(Si,Mg)			?	brownmg | brownmillerite_si_mg | brownmillerite(si,mg) | ? | bgmn | bgmn/brownmg.cif
BGMN	BGMN/BRUCITE.cif	BRUCITE.cif	BRUCITE	BRUCITE	BRUCITE			?	brucite | brucite | brucite | ? | bgmn | bgmn/brucite.cif
BGMN	BGMN/Brushite.cif	Brushite.cif	Brushite	Brushite	Brushite			?	brushite | brushite | brushite | ? | bgmn | bgmn/brushite.cif
BGMN	BGMN/C2f.cif	C2f.cif	C2f	C2F	C2F			?	c2f | c2f | c2f | ? | bgmn | bgmn/c2f.cif
BGMN	BGMN/C2SAMU.cif	C2SAMU.cif	C2SAMU	C2S_alpha_Mumme	C2S_alpha_Mumme			?	c2samu | c2s_alpha_mumme | c2s_alpha_mumme | ? | bgmn | bgmn/c2samu.cif
BGMN	BGMN/C2SBMU.cif	C2SBMU.cif	C2SBMU	C2S_beta_Mumme	C2S_beta_Mumme			?	c2sbmu | c2s_beta_mumme | c2s_beta_mumme | ? | bgmn | bgmn/c2sbmu.cif
BGMN	BGMN/C2SGAMU.cif	C2SGAMU.cif	C2SGAMU	C2S_gamma_Mumme	C2S_gamma_Mumme			?	c2sgamu | c2s_gamma_mumme | c2s_gamma_mumme | ? | bgmn | bgmn/c2sgamu.cif
BGMN	BGMN/C2sh.cif	C2sh.cif	C2sh	C2SH_Hillebrandite	C2SH_Hillebrandite			?	c2sh | c2sh_hillebrandite | c2sh_hillebrandite | ? | bgmn | bgmn/c2sh.cif
BGMN	BGMN/C2shalpha.cif	C2shalpha.cif	C2shalpha	C2SH_alpha	C2SH_alpha			?	c2shalpha | c2sh_alpha | c2sh_alpha | ? | bgmn | bgmn/c2shalpha.cif
BGMN	BGMN/C3ACUB.cif	C3ACUB.cif	C3ACUB	C3Acub	C3Acub			?	c3acub | c3acub | c3acub | ? | bgmn | bgmn/c3acub.cif
BGMN	BGMN/C3anacu.cif	C3anacu.cif	C3anacu	C3A_Na_cubic	C3A_Na_cubic			?	c3anacu | c3a_na_cubic | c3a_na_cubic | ? | bgmn | bgmn/c3anacu.cif
BGMN	BGMN/C3anaort.cif	C3anaort.cif	C3anaort	C3A_Na_orthorhombic	C3A_Na_orthorhombic			?	c3anaort | c3a_na_orthorhombic | c3a_na_orthorhombic | ? | bgmn | bgmn/c3anaort.cif
BGMN	BGMN/C3s2h3.cif	C3s2h3.cif	C3s2h3	C3S2H3_Afwillite	C3S2H3_Afwillite			?	c3s2h3 | c3s2h3_afwillite | c3s2h3_afwillite | ? | bgmn | bgmn/c3s2h3.cif
BGMN	BGMN/C3s3h.cif	C3s3h.cif	C3s3h	C3S3H_Rosenhahnite	C3S3H_Rosenhahnite			?	c3s3h | c3s3h_rosenhahnite | c3s3h_rosenhahnite | ? | bgmn | bgmn/c3s3h.cif
BGMN	BGMN/C3SCMNIS.cif	C3SCMNIS.cif	C3SCMNIS	C3S_CM_Nishi	C3S_CM_Nishi			?	c3scmnis | c3s_cm_nishi | c3s_cm_nishi | ? | bgmn | bgmn/c3scmnis.cif
BGMN	BGMN/C3SMUMME.cif	C3SMUMME.cif	C3SMUMME	C3S_mkl_Mumme	C3S_mkl_Mumme			?	c3smumme | c3s_mkl_mumme | c3s_mkl_mumme | ? | bgmn | bgmn/c3smumme.cif
BGMN	BGMN/C3SR3MIL.cif	C3SR3MIL.cif	C3SR3MIL	C3S_r3m_Illnetz	C3S_r3m_Illnetz			?	c3sr3mil | c3s_r3m_illnetz | c3s_r3m_illnetz | ? | bgmn | bgmn/c3sr3mil.cif
BGMN	BGMN/C3SR3MNI.cif	C3SR3MNI.cif	C3SR3MNI	C3S_r3m_Nishi	C3S_r3m_Nishi			?	c3sr3mni | c3s_r3m_nishi | c3s_r3m_nishi | ? | bgmn | bgmn/c3sr3mni.cif
BGMN	BGMN/C3SRHJEF.cif	C3SRHJEF.cif	C3SRHJEF	C3S_rh_Jeffrey	C3S_rh_Jeffrey			?	c3srhjef | c3s_rh_jeffrey | c3s_rh_jeffrey | ? | bgmn | bgmn/c3srhjef.cif
BGMN	BGMN/C3STBEL.cif	C3STBEL.cif	C3STBEL	C3S_trkl_Belov	C3S_trkl_Belov			?	c3stbel | c3s_trkl_belov | c3s_trkl_belov | ? | bgmn | bgmn/c3stbel.cif
BGMN	BGMN/C4af.cif	C4af.cif	C4af	C4AF	C4AF			?	c4af | c4af | c4af | ? | bgmn | bgmn/c4af.cif
BGMN	BGMN/C6S3H.cif	C6S3H.cif	C6S3H	C6S3H_gamma_Dellaite	C6S3H_gamma_Dellaite			?	c6s3h | c6s3h_gamma_dellaite | c6s3h_gamma_dellaite | ? | bgmn | bgmn/c6s3h.cif
BGMN	BGMN/CA.cif	CA.cif	CA	CA	CA			?	ca | ca | ca | ? | bgmn | bgmn/ca.cif
BGMN	BGMN/CA2.cif	CA2.cif	CA2	CA2_Grossite	CA2_Grossite			?	ca2 | ca2_grossite | ca2_grossite | ? | bgmn | bgmn/ca2.cif
BGMN	BGMN/Ca2fe2o5.cif	Ca2fe2o5.cif	Ca2fe2o5	Ca2fe2o5	Ca2fe2o5			?	ca2fe2o5 | ca2fe2o5 | ca2fe2o5 | ? | bgmn | bgmn/ca2fe2o5.cif
BGMN	BGMN/Ca4al6o12so4.cif	Ca4al6o12so4.cif	Ca4al6o12so4	Ca4Al6O12so4	Ca4Al6O12so4			?	ca4al6o12so4 | ca4al6o12so4 | ca4al6o12so4 | ? | bgmn | bgmn/ca4al6o12so4.cif
BGMN	BGMN/Ca6.cif	Ca6.cif	Ca6	CA6_Hibonite	CA6_Hibonite			?	ca6 | ca6_hibonite | ca6_hibonite | ? | bgmn | bgmn/ca6.cif
BGMN	BGMN/CAFE2O4.cif	CAFE2O4.cif	CAFE2O4	CaFe2O4	CaFe2O4			?	cafe2o4 | cafe2o4 | cafe2o4 | ? | bgmn | bgmn/cafe2o4.cif
BGMN	BGMN/Calcite.cif	Calcite.cif	Calcite	Calcite	Calcite			?	calcite | calcite | calcite | ? | bgmn | bgmn/calcite.cif
BGMN	BGMN/CalcitMg.cif	CalcitMg.cif	CalcitMg	CalcitMg	CalcitMg			?	calcitmg | calcitmg | calcitmg | ? | bgmn | bgmn/calcitmg.cif
BGMN	BGMN/CaO.cif	CaO.cif	CaO	CaO	CaO			?	cao | cao | cao | ? | bgmn | bgmn/cao.cif
BGMN	BGMN/Carnallite.cif	Carnallite.cif	Carnallite	Carnallite	Carnallite			?	carnallite | carnallite | carnallite | ? | bgmn | bgmn/carnallite.cif
BGMN	BGMN/Cassiterite.cif	Cassiterite.cif	Cassiterite	Cassiterite	Cassiterite			?	cassiterite | cassiterite | cassiterite | ? | bgmn | bgmn/cassiterite.cif
BGMN	BGMN/CELESTIN.cif	CELESTIN.cif	CELESTIN	Celestine	Celestine			?	celestin | celestine | celestine | ? | bgmn | bgmn/celestin.cif
BGMN	BGMN/Cementite.cif	Cementite.cif	Cementite	Cementite	Cementite			?	cementite | cementite | cementite | ? | bgmn | bgmn/cementite.cif
BGMN	BGMN/CERIANIT.cif	CERIANIT.cif	CERIANIT	Cerianite	Cerianite			?	cerianit | cerianite | cerianite | ? | bgmn | bgmn/cerianit.cif
BGMN	BGMN/Cerussite.cif	Cerussite.cif	Cerussite	CERUSSITE	CERUSSITE			?	cerussite | cerussite | cerussite | ? | bgmn | bgmn/cerussite.cif
BGMN	BGMN/CF.cif	CF.cif	CF	CF	CF			?	cf | cf | cf | ? | bgmn | bgmn/cf.cif
BGMN	BGMN/CFS.cif	CFS.cif	CFS	CFS_Kirschsteinite	CFS_Kirschsteinite			?	cfs | cfs_kirschsteinite | cfs_kirschsteinite | ? | bgmn | bgmn/cfs.cif
BGMN	BGMN/Chabazite.cif	Chabazite.cif	Chabazite	Chabazite	Chabazite			?	chabazite | chabazite | chabazite | ? | bgmn | bgmn/chabazite.cif
BGMN	BGMN/Chalcanthite.cif	Chalcanthite.cif	Chalcanthite	Chalcanthite	Chalcanthite			?	chalcanthite | chalcanthite | chalcanthite | ? | bgmn | bgmn/chalcanthite.cif
BGMN	BGMN/Chalcocite_M.cif	Chalcocite_M.cif	Chalcocite_M	Chalcocite_M	Chalcocite_M			?	chalcocite_m | chalcocite_m | chalcocite_m | ? | bgmn | bgmn/chalcocite_m.cif
BGMN	BGMN/Chalcopyrite.cif	Chalcopyrite.cif	Chalcopyrite	Chalcopyrite	Chalcopyrite			?	chalcopyrite | chalcopyrite | chalcopyrite | ? | bgmn | bgmn/chalcopyrite.cif
BGMN	BGMN/CHIOLITE.cif	CHIOLITE.cif	CHIOLITE	Chiolite	Chiolite			?	chiolite | chiolite | chiolite | ? | bgmn | bgmn/chiolite.cif
BGMN	BGMN/Chlorite2b.cif	Chlorite2b.cif	Chlorite2b	CHLORITE_IIb_2	CHLORITE_IIb-2			?	chlorite2b | chlorite_iib_2 | chlorite_iib-2 | ? | bgmn | bgmn/chlorite2b.cif
BGMN	BGMN/chloritfxbg.cif	chloritfxbg.cif	chloritfxbg	Chloritfxbg	Chloritfxbg			?	chloritfxbg | chloritfxbg | chloritfxbg | ? | bgmn | bgmn/chloritfxbg.cif
BGMN	BGMN/Chloritoid.cif	Chloritoid.cif	Chloritoid	Chloritoid	Chloritoid			?	chloritoid | chloritoid | chloritoid | ? | bgmn | bgmn/chloritoid.cif
BGMN	BGMN/ChloritoidMg.cif	ChloritoidMg.cif	ChloritoidMg	Chloritoidmg	Chloritoidmg			?	chloritoidmg | chloritoidmg | chloritoidmg | ? | bgmn | bgmn/chloritoidmg.cif
BGMN	BGMN/CHROMIMG.cif	CHROMIMG.cif	CHROMIMG	Chromite_Mg	Chromite_Mg			?	chromimg | chromite_mg | chromite_mg | ? | bgmn | bgmn/chromimg.cif
BGMN	BGMN/Chromite.cif	Chromite.cif	Chromite	Chromite	Chromite			?	chromite | chromite | chromite | ? | bgmn | bgmn/chromite.cif
BGMN	BGMN/CLINOMIM.cif	CLINOMIM.cif	CLINOMIM	Clinomimetite	Clinomimetite			?	clinomim | clinomimetite | clinomimetite | ? | bgmn | bgmn/clinomim.cif
BGMN	BGMN/Clinopt.cif	Clinopt.cif	Clinopt	Clinoptilolite	Clinoptilolite			?	clinopt | clinoptilolite | clinoptilolite | ? | bgmn | bgmn/clinopt.cif
BGMN	BGMN/Clinozoi.cif	Clinozoi.cif	Clinozoi	Clinozoisite	Clinozoisite			?	clinozoi | clinozoisite | clinozoisite | ? | bgmn | bgmn/clinozoi.cif
BGMN	BGMN/Co3o4.cif	Co3o4.cif	Co3o4	Co3O4	Co3O4			?	co3o4 | co3o4 | co3o4 | ? | bgmn | bgmn/co3o4.cif
BGMN	BGMN/COO.cif	COO.cif	COO	CoO	CoO			?	coo | coo | coo | ? | bgmn | bgmn/coo.cif
BGMN	BGMN/Copiapite.cif	Copiapite.cif	Copiapite	Copiapite	Copiapite			?	copiapite | copiapite | copiapite | ? | bgmn | bgmn/copiapite.cif
BGMN	BGMN/Cordierite.cif	Cordierite.cif	Cordierite	Cordierite	Cordierite			?	cordierite | cordierite | cordierite | ? | bgmn | bgmn/cordierite.cif
BGMN	BGMN/Corundum.cif	Corundum.cif	Corundum	Corundum	Corundum			?	corundum | corundum | corundum | ? | bgmn | bgmn/corundum.cif
BGMN	BGMN/Cotunnit.cif	Cotunnit.cif	Cotunnit	PbCl2_Cotunnite	PbCl2_Cotunnite			?	cotunnit | pbcl2_cotunnite | pbcl2_cotunnite | ? | bgmn | bgmn/cotunnit.cif
BGMN	BGMN/CR.cif	CR.cif	CR	CR	CR			?	cr | cr | cr | ? | bgmn | bgmn/cr.cif
BGMN	BGMN/Cr2N.cif	Cr2N.cif	Cr2N	Cr2N	Cr2N			?	cr2n | cr2n | cr2n | ? | bgmn | bgmn/cr2n.cif
BGMN	BGMN/Crandallite.cif	Crandallite.cif	Crandallite	Crandallite	Crandallite			?	crandallite | crandallite | crandallite | ? | bgmn | bgmn/crandallite.cif
BGMN	BGMN/CRISHIGH.cif	CRISHIGH.cif	CRISHIGH	Cristobalite_high	Cristobalite_high			?	crishigh | cristobalite_high | cristobalite_high | ? | bgmn | bgmn/crishigh.cif
BGMN	BGMN/Cristobalite.cif	Cristobalite.cif	Cristobalite	CRISTOBALITE	CRISTOBALITE			?	cristobalite | cristobalite | cristobalite | ? | bgmn | bgmn/cristobalite.cif
BGMN	BGMN/CRN.cif	CRN.cif	CRN	CRN	CRN			?	crn | crn | crn | ? | bgmn | bgmn/crn.cif
BGMN	BGMN/CRYOLITE.cif	CRYOLITE.cif	CRYOLITE	Cryolite	Cryolite			?	cryolite | cryolite | cryolite | ? | bgmn | bgmn/cryolite.cif
BGMN	BGMN/CRYPTOHA.cif	CRYPTOHA.cif	CRYPTOHA	Cryptohalite	Cryptohalite			?	cryptoha | cryptohalite | cryptohalite | ? | bgmn | bgmn/cryptoha.cif
BGMN	BGMN/CUPRITE.cif	CUPRITE.cif	CUPRITE	Cuprite	Cuprite			?	cuprite | cuprite | cuprite | ? | bgmn | bgmn/cuprite.cif
BGMN	BGMN/CUSO4H2O.cif	CUSO4H2O.cif	CUSO4H2O	CuSO4H2O	CuSO4H2O			?	cuso4h2o | cuso4h2o | cuso4h2o | ? | bgmn | bgmn/cuso4h2o.cif
BGMN	BGMN/Dawsonite.cif	Dawsonite.cif	Dawsonite	Dawsonite	Dawsonite			?	dawsonite | dawsonite | dawsonite | ? | bgmn | bgmn/dawsonite.cif
BGMN	BGMN/Diaspore.cif	Diaspore.cif	Diaspore	diaspore	diaspore			?	diaspore | diaspore | diaspore | ? | bgmn | bgmn/diaspore.cif
BGMN	BGMN/Dickite.cif	Dickite.cif	Dickite	Dickite_Bailey	Dickite_Bailey			?	dickite | dickite_bailey | dickite_bailey | ? | bgmn | bgmn/dickite.cif
BGMN	BGMN/Dickitedis.cif	Dickitedis.cif	Dickitedis	Dickite_disordered	Dickite_disordered			?	dickitedis | dickite_disordered | dickite_disordered | ? | bgmn | bgmn/dickitedis.cif
BGMN	BGMN/DIOPFE25.cif	DIOPFE25.cif	DIOPFE25	Diopside_Fe0_25	Diopside_Fe0.25			?	diopfe25 | diopside_fe0_25 | diopside_fe0.25 | ? | bgmn | bgmn/diopfe25.cif
BGMN	BGMN/DIOPFE3.cif	DIOPFE3.cif	DIOPFE3	Diopside_Fe0_26	Diopside_Fe0.26			?	diopfe3 | diopside_fe0_26 | diopside_fe0.26 | ? | bgmn | bgmn/diopfe3.cif
BGMN	BGMN/DIOPFE7.cif	DIOPFE7.cif	DIOPFE7	Diopside_Fe0_66	Diopside_Fe0.66			?	diopfe7 | diopside_fe0_66 | diopside_fe0.66 | ? | bgmn | bgmn/diopfe7.cif
BGMN	BGMN/DIOPFE75.cif	DIOPFE75.cif	DIOPFE75	Diopside_Fe0_75	Diopside_Fe0.75			?	diopfe75 | diopside_fe0_75 | diopside_fe0.75 | ? | bgmn | bgmn/diopfe75.cif
BGMN	BGMN/DIOPSIDE.cif	DIOPSIDE.cif	DIOPSIDE	Diopside	Diopside			?	diopside | diopside | diopside | ? | bgmn | bgmn/diopside.cif
BGMN	BGMN/DIOPSINA.cif	DIOPSINA.cif	DIOPSINA	Diopside_Na	Diopside_Na			?	diopsina | diopside_na | diopside_na | ? | bgmn | bgmn/diopsina.cif
BGMN	BGMN/Dolomite.cif	Dolomite.cif	Dolomite	Dolomite	Dolomite			?	dolomite | dolomite | dolomite | ? | bgmn | bgmn/dolomite.cif
BGMN	BGMN/DRAVITE.cif	DRAVITE.cif	DRAVITE	Dravite	Dravite			?	dravite | dravite | dravite | ? | bgmn | bgmn/dravite.cif
BGMN	BGMN/ENARGITE.cif	ENARGITE.cif	ENARGITE	Enargite	Enargite			?	enargite | enargite | enargite | ? | bgmn | bgmn/enargite.cif
BGMN	BGMN/Enstatite.cif	Enstatite.cif	Enstatite	Enstatite	Enstatite			?	enstatite | enstatite | enstatite | ? | bgmn | bgmn/enstatite.cif
BGMN	BGMN/EPIDOTE.cif	EPIDOTE.cif	EPIDOTE	Epidote	Epidote			?	epidote | epidote | epidote | ? | bgmn | bgmn/epidote.cif
BGMN	BGMN/EPSOMITE.cif	EPSOMITE.cif	EPSOMITE	Epsomite	Epsomite			?	epsomite | epsomite | epsomite | ? | bgmn | bgmn/epsomite.cif
BGMN	BGMN/Eskolaite.cif	Eskolaite.cif	Eskolaite	ESKOLAITE	ESKOLAITE			?	eskolaite | eskolaite | eskolaite | ? | bgmn | bgmn/eskolaite.cif
BGMN	BGMN/Ettringite.cif	Ettringite.cif	Ettringite	Ettringite	Ettringite			?	ettringite | ettringite | ettringite | ? | bgmn | bgmn/ettringite.cif
BGMN	BGMN/FAUJASIT.cif	FAUJASIT.cif	FAUJASIT	Faujasite	Faujasite			?	faujasit | faujasite | faujasite | ? | bgmn | bgmn/faujasit.cif
BGMN	BGMN/Fayalite.cif	Fayalite.cif	Fayalite	Fayalite	Fayalite			?	fayalite | fayalite | fayalite | ? | bgmn | bgmn/fayalite.cif
BGMN	BGMN/Fechromi.cif	Fechromi.cif	Fechromi	Ferrochromite	Ferrochromite			?	fechromi | ferrochromite | ferrochromite | ? | bgmn | bgmn/fechromi.cif
BGMN	BGMN/FeNbO4m.cif	FeNbO4m.cif	FeNbO4m	FeNbO4_monoclinic	FeNbO4_monoclinic			?	fenbo4m | fenbo4_monoclinic | fenbo4_monoclinic | ? | bgmn | bgmn/fenbo4m.cif
BGMN	BGMN/FeNbO4mklnew.cif	FeNbO4mklnew.cif	FeNbO4mklnew	FeNbO4mklnew	FeNbO4mklnew			?	fenbo4mklnew | fenbo4mklnew | fenbo4mklnew | ? | bgmn | bgmn/fenbo4mklnew.cif
BGMN	BGMN/FeNbO4o.cif	FeNbO4o.cif	FeNbO4o	FeNbO4_ortho	FeNbO4_ortho			?	fenbo4o | fenbo4_ortho | fenbo4_ortho | ? | bgmn | bgmn/fenbo4o.cif
BGMN	BGMN/Ferberite.cif	Ferberite.cif	Ferberite	Ferberite	Ferberite			?	ferberite | ferberite | ferberite | ? | bgmn | bgmn/ferberite.cif
BGMN	BGMN/Ferricopiapite.cif	Ferricopiapite.cif	Ferricopiapite	Ferricopiapite	Ferricopiapite			?	ferricopiapite | ferricopiapite | ferricopiapite | ? | bgmn | bgmn/ferricopiapite.cif
BGMN	BGMN/Ferritemg.cif	Ferritemg.cif	Ferritemg	Ferritemg	Ferritemg			?	ferritemg | ferritemg | ferritemg | ? | bgmn | bgmn/ferritemg.cif
BGMN	BGMN/FESI2TET.cif	FESI2TET.cif	FESI2TET	Iron_Disilicide_tet	Iron_Disilicide_tet			?	fesi2tet | iron_disilicide_tet | iron_disilicide_tet | ? | bgmn | bgmn/fesi2tet.cif
BGMN	BGMN/FESIKUB.cif	FESIKUB.cif	FESIKUB	Iron_Silicide_kub	Iron_Silicide_kub			?	fesikub | iron_silicide_kub | iron_silicide_kub | ? | bgmn | bgmn/fesikub.cif
BGMN	BGMN/Fluorapa.cif	Fluorapa.cif	Fluorapa	FLUORAPATITE	FLUORAPATITE			?	fluorapa | fluorapatite | fluorapatite | ? | bgmn | bgmn/fluorapa.cif
BGMN	BGMN/Fluorite.cif	Fluorite.cif	Fluorite	Fluorite	Fluorite			?	fluorite | fluorite | fluorite | ? | bgmn | bgmn/fluorite.cif
BGMN	BGMN/Forsterite.cif	Forsterite.cif	Forsterite	FORSTERITE	FORSTERITE			?	forsterite | forsterite | forsterite | ? | bgmn | bgmn/forsterite.cif
BGMN	BGMN/Galena.cif	Galena.cif	Galena	Galena	Galena			?	galena | galena | galena | ? | bgmn | bgmn/galena.cif
BGMN	BGMN/GARRONIT.cif	GARRONIT.cif	GARRONIT	Garronite	Garronite			?	garronit | garronite | garronite | ? | bgmn | bgmn/garronit.cif
BGMN	BGMN/Gaylussite.cif	Gaylussite.cif	Gaylussite	Gaylussite	Gaylussite			?	gaylussite | gaylussite | gaylussite | ? | bgmn | bgmn/gaylussite.cif
BGMN	BGMN/Gehlenite.cif	Gehlenite.cif	Gehlenite	Gehlenite	Gehlenite			?	gehlenite | gehlenite | gehlenite | ? | bgmn | bgmn/gehlenite.cif
BGMN	BGMN/Gibbsite.cif	Gibbsite.cif	Gibbsite	Gibbsite	Gibbsite			?	gibbsite | gibbsite | gibbsite | ? | bgmn | bgmn/gibbsite.cif
BGMN	BGMN/Glauberite.cif	Glauberite.cif	Glauberite	Glauberite	Glauberite			?	glauberite | glauberite | glauberite | ? | bgmn | bgmn/glauberite.cif
BGMN	BGMN/Goethite.cif	Goethite.cif	Goethite	GOETHITE	GOETHITE			?	goethite | goethite | goethite | ? | bgmn | bgmn/goethite.cif
BGMN	BGMN/Gold.cif	Gold.cif	Gold	Gold	Gold			?	gold | gold | gold | ? | bgmn | bgmn/gold.cif
BGMN	BGMN/Gorceixite.cif	Gorceixite.cif	Gorceixite	Gorceixite	Gorceixite			?	gorceixite | gorceixite | gorceixite | ? | bgmn | bgmn/gorceixite.cif
BGMN	BGMN/Goyazite.cif	Goyazite.cif	Goyazite	Goyazite	Goyazite			?	goyazite | goyazite | goyazite | ? | bgmn | bgmn/goyazite.cif
BGMN	BGMN/GREIGITE.cif	GREIGITE.cif	GREIGITE	Greigite	Greigite			?	greigite | greigite | greigite | ? | bgmn | bgmn/greigite.cif
BGMN	BGMN/GROSSULA.cif	GROSSULA.cif	GROSSULA	Grossular	Grossular			?	grossula | grossular | grossular | ? | bgmn | bgmn/grossula.cif
BGMN	BGMN/Grossular_fe.cif	Grossular_fe.cif	Grossular_fe	GROSSULAR_FE	GROSSULAR_FE			?	grossular_fe | grossular_fe | grossular_fe | ? | bgmn | bgmn/grossular_fe.cif
BGMN	BGMN/GROUTITE.cif	GROUTITE.cif	GROUTITE	Groutite	Groutite			?	groutite | groutite | groutite | ? | bgmn | bgmn/groutite.cif
BGMN	BGMN/Gypsum.cif	Gypsum.cif	Gypsum	Gypsum	Gypsum			?	gypsum | gypsum | gypsum | ? | bgmn | bgmn/gypsum.cif
BGMN	BGMN/HALITE.cif	HALITE.cif	HALITE	HALITE	HALITE			?	halite | halite | halite | ? | bgmn | bgmn/halite.cif
BGMN	BGMN/HAP.cif	HAP.cif	HAP	Hydroxylapatite	Hydroxylapatite			?	hap | hydroxylapatite | hydroxylapatite | ? | bgmn | bgmn/hap.cif
BGMN	BGMN/HAPmod.cif	HAPmod.cif	HAPmod	Hydroxylapatite	Hydroxylapatite			?	hapmod | hydroxylapatite | hydroxylapatite | ? | bgmn | bgmn/hapmod.cif
BGMN	BGMN/Hausmannite.cif	Hausmannite.cif	Hausmannite	Hausmannite	Hausmannite			?	hausmannite | hausmannite | hausmannite | ? | bgmn | bgmn/hausmannite.cif
BGMN	BGMN/HEMATITE.cif	HEMATITE.cif	HEMATITE	Hematite	Hematite			?	hematite | hematite | hematite | ? | bgmn | bgmn/hematite.cif
BGMN	BGMN/Hercynite.cif	Hercynite.cif	Hercynite	Hercynite	Hercynite			?	hercynite | hercynite | hercynite | ? | bgmn | bgmn/hercynite.cif
BGMN	BGMN/Heulandite.cif	Heulandite.cif	Heulandite	Heulandite	Heulandite			?	heulandite | heulandite | heulandite | ? | bgmn | bgmn/heulandite.cif
BGMN	BGMN/Hexahydrite.cif	Hexahydrite.cif	Hexahydrite	Hexahydrite	Hexahydrite			?	hexahydrite | hexahydrite | hexahydrite | ? | bgmn | bgmn/hexahydrite.cif
BGMN	BGMN/HORNBL1.cif	HORNBL1.cif	HORNBL1	HORNBLENDE_iron_magnesium	HORNBLENDE_iron_magnesium			?	hornbl1 | hornblende_iron_magnesium | hornblende_iron_magnesium | ? | bgmn | bgmn/hornbl1.cif
BGMN	BGMN/HORNBLRR.cif	HORNBLRR.cif	HORNBLRR	Hornblende_Magnesium_Iron	Hornblende_Magnesium_Iron			?	hornblrr | hornblende_magnesium_iron | hornblende_magnesium_iron | ? | bgmn | bgmn/hornblrr.cif
BGMN	BGMN/Huebnerite.cif	Huebnerite.cif	Huebnerite	Huebnerite	Huebnerite			?	huebnerite | huebnerite | huebnerite | ? | bgmn | bgmn/huebnerite.cif
BGMN	BGMN/HUNTITE.cif	HUNTITE.cif	HUNTITE	Huntite	Huntite			?	huntite | huntite | huntite | ? | bgmn | bgmn/huntite.cif
BGMN	BGMN/Hydrocerussite.cif	Hydrocerussite.cif	Hydrocerussite	Hydrocerussite	Hydrocerussite			?	hydrocerussite | hydrocerussite | hydrocerussite | ? | bgmn | bgmn/hydrocerussite.cif
BGMN	BGMN/HYDROMAG.cif	HYDROMAG.cif	HYDROMAG	Hydromagnesite	Hydromagnesite			?	hydromag | hydromagnesite | hydromagnesite | ? | bgmn | bgmn/hydromag.cif
BGMN	BGMN/Hydrotalcite.cif	Hydrotalcite.cif	Hydrotalcite	Hydrotalcite	Hydrotalcite			?	hydrotalcite | hydrotalcite | hydrotalcite | ? | bgmn | bgmn/hydrotalcite.cif
BGMN	BGMN/Hydrozincite.cif	Hydrozincite.cif	Hydrozincite	Hydrozincite	Hydrozincite			?	hydrozincite | hydrozincite | hydrozincite | ? | bgmn | bgmn/hydrozincite.cif
BGMN	BGMN/ILMENITE.cif	ILMENITE.cif	ILMENITE	Ilmenite	Ilmenite			?	ilmenite | ilmenite | ilmenite | ? | bgmn | bgmn/ilmenite.cif
BGMN	BGMN/Iron_alpha.cif	Iron_alpha.cif	Iron_alpha	Iron_alpha	Iron_alpha			?	iron_alpha | iron_alpha | iron_alpha | ? | bgmn | bgmn/iron_alpha.cif
BGMN	BGMN/Iron_gamma_Austenite.cif	Iron_gamma_Austenite.cif	Iron_gamma_Austenite	Iron_gamma_Austenite	Iron_gamma_Austenite			?	iron_gamma_austenite | iron_gamma_austenite | iron_gamma_austenite | ? | bgmn | bgmn/iron_gamma_austenite.cif
BGMN	BGMN/JADEITE.cif	JADEITE.cif	JADEITE	Jadeite	Jadeite			?	jadeite | jadeite | jadeite | ? | bgmn | bgmn/jadeite.cif
BGMN	BGMN/JAROSITE.cif	JAROSITE.cif	JAROSITE	Jarosite	Jarosite			?	jarosite | jarosite | jarosite | ? | bgmn | bgmn/jarosite.cif
BGMN	BGMN/K2cr2o7.cif	K2cr2o7.cif	K2cr2o7	K2Cr2O7	K2Cr2O7			?	k2cr2o7 | k2cr2o7 | k2cr2o7 | ? | bgmn | bgmn/k2cr2o7.cif
BGMN	BGMN/Kainite.cif	Kainite.cif	Kainite	Kainite	Kainite			?	kainite | kainite | kainite | ? | bgmn | bgmn/kainite.cif
BGMN	BGMN/Kaolid.cif	Kaolid.cif	Kaolid	KAOLINITE_C1_ideal_structure_BISH	KAOLINITE_C1_ideal_structure_BISH			?	kaolid | kaolinite_c1_ideal_structure_bish | kaolinite_c1_ideal_structure_bish | ? | bgmn | bgmn/kaolid.cif
BGMN	BGMN/Kaolinitedis.cif	Kaolinitedis.cif	Kaolinitedis	Kaolinitedis	Kaolinitedis			?	kaolinitedis | kaolinitedis | kaolinitedis | ? | bgmn | bgmn/kaolinitedis.cif
BGMN	BGMN/Kieserite.cif	Kieserite.cif	Kieserite	Kieserite	Kieserite			?	kieserite | kieserite | kieserite | ? | bgmn | bgmn/kieserite.cif
BGMN	BGMN/KOGARKOI.cif	KOGARKOI.cif	KOGARKOI	Kogarkoite_Na3SO4F	Kogarkoite_Na3SO4F			?	kogarkoi | kogarkoite_na3so4f | kogarkoite_na3so4f | ? | bgmn | bgmn/kogarkoi.cif
BGMN	BGMN/Kutnafe.cif	Kutnafe.cif	Kutnafe	Kutnahorite_Fe	Kutnahorite_Fe			?	kutnafe | kutnahorite_fe | kutnahorite_fe | ? | bgmn | bgmn/kutnafe.cif
BGMN	BGMN/Kutnahor.cif	Kutnahor.cif	Kutnahor	Kutnahorite	Kutnahorite			?	kutnahor | kutnahorite | kutnahorite | ? | bgmn | bgmn/kutnahor.cif
BGMN	BGMN/Kyanite.cif	Kyanite.cif	Kyanite	KYANITE	KYANITE			?	kyanite | kyanite | kyanite | ? | bgmn | bgmn/kyanite.cif
BGMN	BGMN/Laal11o18.cif	Laal11o18.cif	Laal11o18	LaAl11O18	LaAl11O18			?	laal11o18 | laal11o18 | laal11o18 | ? | bgmn | bgmn/laal11o18.cif
BGMN	BGMN/LAALO3.cif	LAALO3.cif	LAALO3	LaAlO3	LaAlO3			?	laalo3 | laalo3 | laalo3 | ? | bgmn | bgmn/laalo3.cif
BGMN	BGMN/LAB6.cif	LAB6.cif	LAB6	LAB6	LAB6			?	lab6 | lab6 | lab6 | ? | bgmn | bgmn/lab6.cif
BGMN	BGMN/LABO3.cif	LABO3.cif	LABO3	LaBO3	LaBO3			?	labo3 | labo3 | labo3 | ? | bgmn | bgmn/labo3.cif
BGMN	BGMN/LANBO4.cif	LANBO4.cif	LANBO4	LaNbO4	LaNbO4			?	lanbo4 | lanbo4 | lanbo4 | ? | bgmn | bgmn/lanbo4.cif
BGMN	BGMN/Langanit.cif	Langanit.cif	Langanit	Langanite	Langanite			?	langanit | langanite | langanite | ? | bgmn | bgmn/langanit.cif
BGMN	BGMN/Laumontite.cif	Laumontite.cif	Laumontite	Laumontite	Laumontite			?	laumontite | laumontite | laumontite | ? | bgmn | bgmn/laumontite.cif
BGMN	BGMN/Laurioni.cif	Laurioni.cif	Laurioni	PbOHCl_Laurionite	PbOHCl_Laurionite			?	laurioni | pbohcl_laurionite | pbohcl_laurionite | ? | bgmn | bgmn/laurioni.cif
BGMN	BGMN/LCystine.cif	LCystine.cif	LCystine	LCystine	LCystine			?	lcystine | lcystine | lcystine | ? | bgmn | bgmn/lcystine.cif
BGMN	BGMN/LEAD.cif	LEAD.cif	LEAD	Pb_Lead	Pb_Lead			?	lead | pb_lead | pb_lead | ? | bgmn | bgmn/lead.cif
BGMN	BGMN/Lepidocrocite.cif	Lepidocrocite.cif	Lepidocrocite	Lepidocrocite	Lepidocrocite			?	lepidocrocite | lepidocrocite | lepidocrocite | ? | bgmn | bgmn/lepidocrocite.cif
BGMN	BGMN/Lepidolite1m.cif	Lepidolite1m.cif	Lepidolite1m	Lepidolite1m	Lepidolite1m			?	lepidolite1m | lepidolite1m | lepidolite1m | ? | bgmn | bgmn/lepidolite1m.cif
BGMN	BGMN/Lepidolite2m1.cif	Lepidolite2m1.cif	Lepidolite2m1	Lepidolite2M1	Lepidolite2M1			?	lepidolite2m1 | lepidolite2m1 | lepidolite2m1 | ? | bgmn | bgmn/lepidolite2m1.cif
BGMN	BGMN/LEUCITE.cif	LEUCITE.cif	LEUCITE	LEUCITE	LEUCITE			?	leucite | leucite | leucite | ? | bgmn | bgmn/leucite.cif
BGMN	BGMN/LIF.cif	LIF.cif	LIF	LiF	LiF			?	lif | lif | lif | ? | bgmn | bgmn/lif.cif
BGMN	BGMN/Linnaeite.cif	Linnaeite.cif	Linnaeite	Linnaeite	Linnaeite			?	linnaeite | linnaeite | linnaeite | ? | bgmn | bgmn/linnaeite.cif
BGMN	BGMN/Lithiophorite.cif	Lithiophorite.cif	Lithiophorite	Lithiophorite	Lithiophorite			?	lithiophorite | lithiophorite | lithiophorite | ? | bgmn | bgmn/lithiophorite.cif
BGMN	BGMN/Lizardite1t.cif	Lizardite1t.cif	Lizardite1t	Lizardite1t	Lizardite1t			?	lizardite1t | lizardite1t | lizardite1t | ? | bgmn | bgmn/lizardite1t.cif
BGMN	BGMN/LUZONITE.cif	LUZONITE.cif	LUZONITE	Luzonite_Sb	Luzonite_Sb			?	luzonite | luzonite_sb | luzonite_sb | ? | bgmn | bgmn/luzonite.cif
BGMN	BGMN/Maghemite.cif	Maghemite.cif	Maghemite	Maghemite	Maghemite			?	maghemite | maghemite | maghemite | ? | bgmn | bgmn/maghemite.cif
BGMN	BGMN/Magnesite.cif	Magnesite.cif	Magnesite	Magnesite	Magnesite			?	magnesite | magnesite | magnesite | ? | bgmn | bgmn/magnesite.cif
BGMN	BGMN/Magnetite.cif	Magnetite.cif	Magnetite	Magnetite	Magnetite			?	magnetite | magnetite | magnetite | ? | bgmn | bgmn/magnetite.cif
BGMN	BGMN/Malachite.cif	Malachite.cif	Malachite	Malachite	Malachite			?	malachite | malachite | malachite | ? | bgmn | bgmn/malachite.cif
BGMN	BGMN/Manganite.cif	Manganite.cif	Manganite	Manganite	Manganite			?	manganite | manganite | manganite | ? | bgmn | bgmn/manganite.cif
BGMN	BGMN/Marcasite.cif	Marcasite.cif	Marcasite	Marcasite	Marcasite			?	marcasite | marcasite | marcasite | ? | bgmn | bgmn/marcasite.cif
BGMN	BGMN/MASCAGNI.cif	MASCAGNI.cif	MASCAGNI	Mascagnite	Mascagnite			?	mascagni | mascagnite | mascagnite | ? | bgmn | bgmn/mascagni.cif
BGMN	BGMN/Mayenite.cif	Mayenite.cif	Mayenite	Mayenite	Mayenite			?	mayenite | mayenite | mayenite | ? | bgmn | bgmn/mayenite.cif
BGMN	BGMN/Merwinite.cif	Merwinite.cif	Merwinite	Merwinite	Merwinite			?	merwinite | merwinite | merwinite | ? | bgmn | bgmn/merwinite.cif
BGMN	BGMN/Mgchromi.cif	Mgchromi.cif	Mgchromi	Magnesiochromite	Magnesiochromite			?	mgchromi | magnesiochromite | magnesiochromite | ? | bgmn | bgmn/mgchromi.cif
BGMN	BGMN/MicroInt1.cif	MicroInt1.cif	MicroInt1	MICROCLINE_intermediate1	MICROCLINE_intermediate1			?	microint1 | microcline_intermediate1 | microcline_intermediate1 | ? | bgmn | bgmn/microint1.cif
BGMN	BGMN/MicroInt2.cif	MicroInt2.cif	MicroInt2	MICROCLINE_intermediate2	MICROCLINE_intermediate2			?	microint2 | microcline_intermediate2 | microcline_intermediate2 | ? | bgmn | bgmn/microint2.cif
BGMN	BGMN/MicroMax.cif	MicroMax.cif	MicroMax	MICROCLINE_maximum	MICROCLINE_maximum			?	micromax | microcline_maximum | microcline_maximum | ? | bgmn | bgmn/micromax.cif
BGMN	BGMN/MIMETITE.cif	MIMETITE.cif	MIMETITE	Mimetite	Mimetite			?	mimetite | mimetite | mimetite | ? | bgmn | bgmn/mimetite.cif
BGMN	BGMN/MnO.cif	MnO.cif	MnO	Manganosite	Manganosite			?	mno | manganosite | manganosite | ? | bgmn | bgmn/mno.cif
BGMN	BGMN/MONALBIT.cif	MONALBIT.cif	MONALBIT	Plagioclase_Monalbite	Plagioclase_Monalbite			?	monalbit | plagioclase_monalbite | plagioclase_monalbite | ? | bgmn | bgmn/monalbit.cif
BGMN	BGMN/MONAZITE.cif	MONAZITE.cif	MONAZITE	Monazite	Monazite			?	monazite | monazite | monazite | ? | bgmn | bgmn/monazite.cif
BGMN	BGMN/Monetite.cif	Monetite.cif	Monetite	Monetite	Monetite			?	monetite | monetite | monetite | ? | bgmn | bgmn/monetite.cif
BGMN	BGMN/Monohydrocalcite.cif	Monohydrocalcite.cif	Monohydrocalcite	Monohydrocalcite	Monohydrocalcite			?	monohydrocalcite | monohydrocalcite | monohydrocalcite | ? | bgmn | bgmn/monohydrocalcite.cif
BGMN	BGMN/Monticellite.cif	Monticellite.cif	Monticellite	Monticellite	Monticellite			?	monticellite | monticellite | monticellite | ? | bgmn | bgmn/monticellite.cif
BGMN	BGMN/Mordenitena7.cif	Mordenitena7.cif	Mordenitena7	MordeniteNa7	MordeniteNa7			?	mordenitena7 | mordenitena7 | mordenitena7 | ? | bgmn | bgmn/mordenitena7.cif
BGMN	BGMN/Mullite21.cif	Mullite21.cif	Mullite21	Mullite21	Mullite21			?	mullite21 | mullite21 | mullite21 | ? | bgmn | bgmn/mullite21.cif
BGMN	BGMN/Mullite32.cif	Mullite32.cif	Mullite32	Mullite32	Mullite32			?	mullite32 | mullite32 | mullite32 | ? | bgmn | bgmn/mullite32.cif
BGMN	BGMN/Musc1md.cif	Musc1md.cif	Musc1md	Muscovite_1Md	Muscovite_1Md			?	musc1md | muscovite_1md | muscovite_1md | ? | bgmn | bgmn/musc1md.cif
BGMN	BGMN/MUSC2M1.cif	MUSC2M1.cif	MUSC2M1	MUSCOVITE_2M1	MUSCOVITE_2M1			?	musc2m1 | muscovite_2m1 | muscovite_2m1 | ? | bgmn | bgmn/musc2m1.cif
BGMN	BGMN/Muscovite_1m.cif	Muscovite_1m.cif	Muscovite_1m	Muscovite_1M	Muscovite_1M			?	muscovite_1m | muscovite_1m | muscovite_1m | ? | bgmn | bgmn/muscovite_1m.cif
BGMN	BGMN/Muscovite_1Mzwj.cif	Muscovite_1Mzwj.cif	Muscovite_1Mzwj	Muscovite_1Mzwj	Muscovite_1Mzwj			?	muscovite_1mzwj | muscovite_1mzwj | muscovite_1mzwj | ? | bgmn | bgmn/muscovite_1mzwj.cif
BGMN	BGMN/MuscoviteNa037.cif	MuscoviteNa037.cif	MuscoviteNa037	Muscovite_2M1_Na0_37	Muscovite_2M1(Na0.37)			?	muscovitena037 | muscovite_2m1_na0_37 | muscovite_2m1(na0.37) | ? | bgmn | bgmn/muscovitena037.cif
BGMN	BGMN/NAAL11O1.cif	NAAL11O1.cif	NAAL11O1	NaAl11O17_beta_Diaoyudaoite	NaAl11O17_beta_Diaoyudaoite			?	naal11o1 | naal11o17_beta_diaoyudaoite | naal11o17_beta_diaoyudaoite | ? | bgmn | bgmn/naal11o1.cif
BGMN	BGMN/NACRITE.cif	NACRITE.cif	NACRITE	Nacrite	Nacrite			?	nacrite | nacrite | nacrite | ? | bgmn | bgmn/nacrite.cif
BGMN	BGMN/Nahcolite.cif	Nahcolite.cif	Nahcolite	Nahcolite	Nahcolite			?	nahcolite | nahcolite | nahcolite | ? | bgmn | bgmn/nahcolite.cif
BGMN	BGMN/NATRITE.cif	NATRITE.cif	NATRITE	Natrite	Natrite			?	natrite | natrite | natrite | ? | bgmn | bgmn/natrite.cif
BGMN	BGMN/Natrolite.cif	Natrolite.cif	Natrolite	Natrolite	Natrolite			?	natrolite | natrolite | natrolite | ? | bgmn | bgmn/natrolite.cif
BGMN	BGMN/ND_APAT.cif	ND_APAT.cif	ND_APAT	Nd_Apatite	Nd-Apatite			?	nd_apat | nd_apatite | nd-apatite | ? | bgmn | bgmn/nd_apat.cif
BGMN	BGMN/Nepheline.cif	Nepheline.cif	Nepheline	Nepheline	Nepheline			?	nepheline | nepheline | nepheline | ? | bgmn | bgmn/nepheline.cif
BGMN	BGMN/Newberyite.cif	Newberyite.cif	Newberyite	Newberyite	Newberyite			?	newberyite | newberyite | newberyite | ? | bgmn | bgmn/newberyite.cif
BGMN	BGMN/NITER.cif	NITER.cif	NITER	Niter	Niter			?	niter | niter | niter | ? | bgmn | bgmn/niter.cif
BGMN	BGMN/Nitratine.cif	Nitratine.cif	Nitratine	Nitratine	Nitratine			?	nitratine | nitratine | nitratine | ? | bgmn | bgmn/nitratine.cif
BGMN	BGMN/nontronite15a.cif	nontronite15a.cif	nontronite15a	nontronite15a	nontronite15a			?	nontronite15a | nontronite15a | nontronite15a | ? | bgmn | bgmn/nontronite15a.cif
BGMN	BGMN/Nordstrandite.cif	Nordstrandite.cif	Nordstrandite	Nordstrandite	Nordstrandite			?	nordstrandite | nordstrandite | nordstrandite | ? | bgmn | bgmn/nordstrandite.cif
BGMN	BGMN/Orthoclase.cif	Orthoclase.cif	Orthoclase	ORTHOCLASE	ORTHOCLASE			?	orthoclase | orthoclase | orthoclase | ? | bgmn | bgmn/orthoclase.cif
BGMN	BGMN/OTAVITE.cif	OTAVITE.cif	OTAVITE	Otavite	Otavite			?	otavite | otavite | otavite | ? | bgmn | bgmn/otavite.cif
BGMN	BGMN/PARAGO1M.cif	PARAGO1M.cif	PARAGO1M	PARAGONITE_1M	PARAGONITE_1M			?	parago1m | paragonite_1m | paragonite_1m | ? | bgmn | bgmn/parago1m.cif
BGMN	BGMN/PARAGO2M.cif	PARAGO2M.cif	PARAGO2M	PARAGONITE_2M	PARAGONITE_2M			?	parago2m | paragonite_2m | paragonite_2m | ? | bgmn | bgmn/parago2m.cif
BGMN	BGMN/Pb3o4_Minium.cif	Pb3o4_Minium.cif	Pb3o4_Minium	Pb3O4_Minium	Pb3O4_Minium			?	pb3o4_minium | pb3o4_minium | pb3o4_minium | ? | bgmn | bgmn/pb3o4_minium.cif
BGMN	BGMN/PB5SO8.cif	PB5SO8.cif	PB5SO8	Pb5SO8	Pb5SO8			?	pb5so8 | pb5so8 | pb5so8 | ? | bgmn | bgmn/pb5so8.cif
BGMN	BGMN/PBCLF.cif	PBCLF.cif	PBCLF	PbClF_Matlockite	PbClF_Matlockite			?	pbclf | pbclf_matlockite | pbclf_matlockite | ? | bgmn | bgmn/pbclf.cif
BGMN	BGMN/Pbo2_beta.cif	Pbo2_beta.cif	Pbo2_beta	PBO2_beta_Plattnerite	PBO2_beta_Plattnerite			?	pbo2_beta | pbo2_beta_plattnerite | pbo2_beta_plattnerite | ? | bgmn | bgmn/pbo2_beta.cif
BGMN	BGMN/Pbo_alpha.cif	Pbo_alpha.cif	Pbo_alpha	PbO_alpha_Litharge	PbO_alpha_Litharge			?	pbo_alpha | pbo_alpha_litharge | pbo_alpha_litharge | ? | bgmn | bgmn/pbo_alpha.cif
BGMN	BGMN/Pbo_beta_Massicot.cif	Pbo_beta_Massicot.cif	Pbo_beta_Massicot	PbO_beta_Massicot	PbO_beta_Massicot			?	pbo_beta_massicot | pbo_beta_massicot | pbo_beta_massicot | ? | bgmn | bgmn/pbo_beta_massicot.cif
BGMN	BGMN/PBS2O3.cif	PBS2O3.cif	PBS2O3	PbS2O3	PbS2O3			?	pbs2o3 | pbs2o3 | pbs2o3 | ? | bgmn | bgmn/pbs2o3.cif
BGMN	BGMN/Pbtio3.cif	Pbtio3.cif	Pbtio3	PbTiO3_tet	PbTiO3_tet			?	pbtio3 | pbtio3_tet | pbtio3_tet | ? | bgmn | bgmn/pbtio3.cif
BGMN	BGMN/PBZR75TI.cif	PBZR75TI.cif	PBZR75TI	PbZr0_75Ti0_25O3_trig	PbZr0.75Ti0.25O3_trig			?	pbzr75ti | pbzr0_75ti0_25o3_trig | pbzr0.75ti0.25o3_trig | ? | bgmn | bgmn/pbzr75ti.cif
BGMN	BGMN/PBZR90TI.cif	PBZR90TI.cif	PBZR90TI	PbZr0_90Ti0_1O3	PbZr0.90Ti0.1O3			?	pbzr90ti | pbzr0_90ti0_1o3 | pbzr0.90ti0.1o3 | ? | bgmn | bgmn/pbzr90ti.cif
BGMN	BGMN/PENTAHYD.cif	PENTAHYD.cif	PENTAHYD	Pentahydrite	Pentahydrite			?	pentahyd | pentahydrite | pentahydrite | ? | bgmn | bgmn/pentahyd.cif
BGMN	BGMN/Periclase.cif	Periclase.cif	Periclase	Periclase	Periclase			?	periclase | periclase | periclase | ? | bgmn | bgmn/periclase.cif
BGMN	BGMN/Perowski.cif	Perowski.cif	Perowski	Perowskite	Perowskite			?	perowski | perowskite | perowskite | ? | bgmn | bgmn/perowski.cif
BGMN	BGMN/Phengite_1M.cif	Phengite_1M.cif	Phengite_1M	Phengite_1M	Phengite_1M			?	phengite_1m | phengite_1m | phengite_1m | ? | bgmn | bgmn/phengite_1m.cif
BGMN	BGMN/PHILLIPS.cif	PHILLIPS.cif	PHILLIPS	Phillipsite	Phillipsite			?	phillips | phillipsite | phillipsite | ? | bgmn | bgmn/phillips.cif
BGMN	BGMN/Phlogop1.cif	Phlogop1.cif	Phlogop1	Phlogopite	Phlogopite			?	phlogop1 | phlogopite | phlogopite | ? | bgmn | bgmn/phlogop1.cif
BGMN	BGMN/Picromerite.cif	Picromerite.cif	Picromerite	Picromerite	Picromerite			?	picromerite | picromerite | picromerite | ? | bgmn | bgmn/picromerite.cif
BGMN	BGMN/Plag16an.cif	Plag16an.cif	Plag16an	PLAGIOCLASE_OligoclaseAn16	PLAGIOCLASE_OligoclaseAn16			?	plag16an | plagioclase_oligoclasean16 | plagioclase_oligoclasean16 | ? | bgmn | bgmn/plag16an.cif
BGMN	BGMN/Plag25an.cif	Plag25an.cif	Plag25an	PLAGIOCLASE_OligoclaseAn25	PLAGIOCLASE_OligoclaseAn25			?	plag25an | plagioclase_oligoclasean25 | plagioclase_oligoclasean25 | ? | bgmn | bgmn/plag25an.cif
BGMN	BGMN/Plag50.cif	Plag50.cif	Plag50	PLAGIOCLASE_Andesine_An50C_1	PLAGIOCLASE_Andesine_An50C-1			?	plag50 | plagioclase_andesine_an50c_1 | plagioclase_andesine_an50c-1 | ? | bgmn | bgmn/plag50.cif
BGMN	BGMN/PLAG50C1.cif	PLAG50C1.cif	PLAG50C1	PLAGIOCLASE_Andesine_An50C1	PLAGIOCLASE_Andesine_An50C1			?	plag50c1 | plagioclase_andesine_an50c1 | plagioclase_andesine_an50c1 | ? | bgmn | bgmn/plag50c1.cif
BGMN	BGMN/Plag65an.cif	Plag65an.cif	Plag65an	PLAGIOCLASE_Labradorite_An65	PLAGIOCLASE_Labradorite_An65			?	plag65an | plagioclase_labradorite_an65 | plagioclase_labradorite_an65 | ? | bgmn | bgmn/plag65an.cif
BGMN	BGMN/Plag85an.cif	Plag85an.cif	Plag85an	PLAGIOCLASE_Bytownite_An85	PLAGIOCLASE_Bytownite_An85			?	plag85an | plagioclase_bytownite_an85 | plagioclase_bytownite_an85 | ? | bgmn | bgmn/plag85an.cif
BGMN	BGMN/PLZTCUB.cif	PLZTCUB.cif	PLZTCUB	Pb0_9La0_1Zr0_65Ti0_35O3_cubic	Pb0.9La0.1Zr0.65Ti0.35O3_cubic			?	plztcub | pb0_9la0_1zr0_65ti0_35o3_cubic | pb0.9la0.1zr0.65ti0.35o3_cubic | ? | bgmn | bgmn/plztcub.cif
BGMN	BGMN/Polyhalite.cif	Polyhalite.cif	Polyhalite	Polyhalite	Polyhalite			?	polyhalite | polyhalite | polyhalite | ? | bgmn | bgmn/polyhalite.cif
BGMN	BGMN/Portlandite.cif	Portlandite.cif	Portlandite	Portlandite	Portlandite			?	portlandite | portlandite | portlandite | ? | bgmn | bgmn/portlandite.cif
BGMN	BGMN/PREHNITE.cif	PREHNITE.cif	PREHNITE	Prehnite	Prehnite			?	prehnite | prehnite | prehnite | ? | bgmn | bgmn/prehnite.cif
BGMN	BGMN/Pseudorutile.cif	Pseudorutile.cif	Pseudorutile	Pseudorutile	Pseudorutile			?	pseudorutile | pseudorutile | pseudorutile | ? | bgmn | bgmn/pseudorutile.cif
BGMN	BGMN/PUMPELL.cif	PUMPELL.cif	PUMPELL	Pumpellyite	Pumpellyite			?	pumpell | pumpellyite | pumpellyite | ? | bgmn | bgmn/pumpell.cif
BGMN	BGMN/PYRITE.cif	PYRITE.cif	PYRITE	Pyrite	Pyrite			?	pyrite | pyrite | pyrite | ? | bgmn | bgmn/pyrite.cif
BGMN	BGMN/Pyrolusite.cif	Pyrolusite.cif	Pyrolusite	Pyrolusite	Pyrolusite			?	pyrolusite | pyrolusite | pyrolusite | ? | bgmn | bgmn/pyrolusite.cif
BGMN	BGMN/PYROPE.cif	PYROPE.cif	PYROPE	PYROPE	PYROPE			?	pyrope | pyrope | pyrope | ? | bgmn | bgmn/pyrope.cif
BGMN	BGMN/Pyrophyllite1T.cif	Pyrophyllite1T.cif	Pyrophyllite1T	Pyrophyllite1T	Pyrophyllite1T			?	pyrophyllite1t | pyrophyllite1t | pyrophyllite1t | ? | bgmn | bgmn/pyrophyllite1t.cif
BGMN	BGMN/Pyrophyllite2m.cif	Pyrophyllite2m.cif	Pyrophyllite2m	Pyrophyllite2M	Pyrophyllite2M			?	pyrophyllite2m | pyrophyllite2m | pyrophyllite2m | ? | bgmn | bgmn/pyrophyllite2m.cif
BGMN	BGMN/Pyrrhotite_3T.cif	Pyrrhotite_3T.cif	Pyrrhotite_3T	Pyrrhotite_3T	Pyrrhotite_3T			?	pyrrhotite_3t | pyrrhotite_3t | pyrrhotite_3t | ? | bgmn | bgmn/pyrrhotite_3t.cif
BGMN	BGMN/PZTTET.cif	PZTTET.cif	PZTTET	PbZr0_52Ti0_48O3_tet	PbZr0.52Ti0.48O3_tet			?	pzttet | pbzr0_52ti0_48o3_tet | pbzr0.52ti0.48o3_tet | ? | bgmn | bgmn/pzttet.cif
BGMN	BGMN/Pzttrig.cif	Pzttrig.cif	Pzttrig	PbZr0_58Ti0_42O3_trig	PbZr0.58Ti0.42O3_trig			?	pzttrig | pbzr0_58ti0_42o3_trig | pbzr0.58ti0.42o3_trig | ? | bgmn | bgmn/pzttrig.cif
BGMN	BGMN/QUARTZ.cif	QUARTZ.cif	QUARTZ	Quartz	Quartz			?	quartz | quartz | quartz | ? | bgmn | bgmn/quartz.cif
BGMN	BGMN/RHODOCHR.cif	RHODOCHR.cif	RHODOCHR	Rhodochrosite	Rhodochrosite			?	rhodochr | rhodochrosite | rhodochrosite | ? | bgmn | bgmn/rhodochr.cif
BGMN	BGMN/ROZENITE.cif	ROZENITE.cif	ROZENITE	Rozenite	Rozenite			?	rozenite | rozenite | rozenite | ? | bgmn | bgmn/rozenite.cif
BGMN	BGMN/RUTILE.cif	RUTILE.cif	RUTILE	Rutile	Rutile			?	rutile | rutile | rutile | ? | bgmn | bgmn/rutile.cif
BGMN	BGMN/Sanid08.cif	Sanid08.cif	Sanid08	SANIDINE_K08	SANIDINE_K08			?	sanid08 | sanidine_k08 | sanidine_k08 | ? | bgmn | bgmn/sanid08.cif
BGMN	BGMN/Sanid086.cif	Sanid086.cif	Sanid086	SANIDINE_K086	SANIDINE_K086			?	sanid086 | sanidine_k086 | sanidine_k086 | ? | bgmn | bgmn/sanid086.cif
BGMN	BGMN/SANINA07.cif	SANINA07.cif	SANINA07	Sanidine_Na07	Sanidine_Na07			?	sanina07 | sanidine_na07 | sanidine_na07 | ? | bgmn | bgmn/sanina07.cif
BGMN	BGMN/Sanina16.cif	Sanina16.cif	Sanina16	Sanidine_Na16	Sanidine_Na16			?	sanina16 | sanidine_na16 | sanidine_na16 | ? | bgmn | bgmn/sanina16.cif
BGMN	BGMN/SANINA35.cif	SANINA35.cif	SANINA35	Sanidine_Na35	Sanidine_Na35			?	sanina35 | sanidine_na35 | sanidine_na35 | ? | bgmn | bgmn/sanina35.cif
BGMN	BGMN/SANINA56.cif	SANINA56.cif	SANINA56	Sanidine_Na56	Sanidine_Na56			?	sanina56 | sanidine_na56 | sanidine_na56 | ? | bgmn | bgmn/sanina56.cif
BGMN	BGMN/SANINA67.cif	SANINA67.cif	SANINA67	Sanidine_Na67	Sanidine_Na67			?	sanina67 | sanidine_na67 | sanidine_na67 | ? | bgmn | bgmn/sanina67.cif
BGMN	BGMN/Sanina75.cif	Sanina75.cif	Sanina75	Sanidine_Na75	Sanidine_Na75			?	sanina75 | sanidine_na75 | sanidine_na75 | ? | bgmn | bgmn/sanina75.cif
BGMN	BGMN/SANINA85.cif	SANINA85.cif	SANINA85	Sanidine_Na85	Sanidine_Na85			?	sanina85 | sanidine_na85 | sanidine_na85 | ? | bgmn | bgmn/sanina85.cif
BGMN	BGMN/Sb2o3.cif	Sb2o3.cif	Sb2o3	Sb2o3_Senarmontite	Sb2o3_Senarmontite			?	sb2o3 | sb2o3_senarmontite | sb2o3_senarmontite | ? | bgmn | bgmn/sb2o3.cif
BGMN	BGMN/Sb2O4_Cervantite.cif	Sb2O4_Cervantite.cif	Sb2O4_Cervantite	Sb2O4_Cervantite	Sb2O4_Cervantite			?	sb2o4_cervantite | sb2o4_cervantite | sb2o4_cervantite | ? | bgmn | bgmn/sb2o4_cervantite.cif
BGMN	BGMN/Schairerite.cif	Schairerite.cif	Schairerite	Schairerite	Schairerite			?	schairerite | schairerite | schairerite | ? | bgmn | bgmn/schairerite.cif
BGMN	BGMN/Scheelite.cif	Scheelite.cif	Scheelite	Scheelite	Scheelite			?	scheelite | scheelite | scheelite | ? | bgmn | bgmn/scheelite.cif
BGMN	BGMN/SCHORL.cif	SCHORL.cif	SCHORL	Schorl	Schorl			?	schorl | schorl | schorl | ? | bgmn | bgmn/schorl.cif
BGMN	BGMN/Scorodite.cif	Scorodite.cif	Scorodite	Scorodite	Scorodite			?	scorodite | scorodite | scorodite | ? | bgmn | bgmn/scorodite.cif
BGMN	BGMN/SI.cif	SI.cif	SI	Si	Si			?	si | si | si | ? | bgmn | bgmn/si.cif
BGMN	BGMN/SI2N2O.cif	SI2N2O.cif	SI2N2O	Si2N2O	Si2N2O			?	si2n2o | si2n2o | si2n2o | ? | bgmn | bgmn/si2n2o.cif
BGMN	BGMN/Si3n4a.cif	Si3n4a.cif	Si3n4a	Si3N4_alpha	Si3N4_alpha			?	si3n4a | si3n4_alpha | si3n4_alpha | ? | bgmn | bgmn/si3n4a.cif
BGMN	BGMN/SI3N4B.cif	SI3N4B.cif	SI3N4B	SI3N4_beta	SI3N4_beta			?	si3n4b | si3n4_beta | si3n4_beta | ? | bgmn | bgmn/si3n4b.cif
BGMN	BGMN/SIC15R.cif	SIC15R.cif	SIC15R	SiC15R	SiC15R			?	sic15r | sic15r | sic15r | ? | bgmn | bgmn/sic15r.cif
BGMN	BGMN/SIC2H.cif	SIC2H.cif	SIC2H	SiC2H	SiC2H			?	sic2h | sic2h | sic2h | ? | bgmn | bgmn/sic2h.cif
BGMN	BGMN/Sic3c.cif	Sic3c.cif	Sic3c	SIC3C	SIC3C			?	sic3c | sic3c | sic3c | ? | bgmn | bgmn/sic3c.cif
BGMN	BGMN/SIC4H.cif	SIC4H.cif	SIC4H	SiC4H	SiC4H			?	sic4h | sic4h | sic4h | ? | bgmn | bgmn/sic4h.cif
BGMN	BGMN/SIC6H.cif	SIC6H.cif	SIC6H	SiC6H	SiC6H			?	sic6h | sic6h | sic6h | ? | bgmn | bgmn/sic6h.cif
BGMN	BGMN/SIDERITE.cif	SIDERITE.cif	SIDERITE	Siderite	Siderite			?	siderite | siderite | siderite | ? | bgmn | bgmn/siderite.cif
BGMN	BGMN/silica.cif	silica.cif	silica	Silica__LeBail	Silica,_LeBail			?	silica | silica__lebail | silica,_lebail | ? | bgmn | bgmn/silica.cif
BGMN	BGMN/silicabgm.cif	silicabgm.cif	silicabgm	Silica__LeBail	Silica,_LeBail			?	silicabgm | silica__lebail | silica,_lebail | ? | bgmn | bgmn/silicabgm.cif
BGMN	BGMN/Sillimanite.cif	Sillimanite.cif	Sillimanite	Sillimanite	Sillimanite			?	sillimanite | sillimanite | sillimanite | ? | bgmn | bgmn/sillimanite.cif
BGMN	BGMN/smectitedi2wfix1.cif	smectitedi2wfix1.cif	smectitedi2wfix1	smectitedi2w	smectitedi2w			?	smectitedi2wfix1 | smectitedi2w | smectitedi2w | ? | bgmn | bgmn/smectitedi2wfix1.cif
BGMN	BGMN/Smithsonite.cif	Smithsonite.cif	Smithsonite	Smithsonite	Smithsonite			?	smithsonite | smithsonite | smithsonite | ? | bgmn | bgmn/smithsonite.cif
BGMN	BGMN/SODA.cif	SODA.cif	SODA	Natron_Soda	Natron(Soda)			?	soda | natron_soda | natron(soda) | ? | bgmn | bgmn/soda.cif
BGMN	BGMN/SODALITE.cif	SODALITE.cif	SODALITE	Sodalite	Sodalite			?	sodalite | sodalite | sodalite | ? | bgmn | bgmn/sodalite.cif
BGMN	BGMN/SODIALUM.cif	SODIALUM.cif	SODIALUM	Sodium_alum	Sodium_alum			?	sodialum | sodium_alum | sodium_alum | ? | bgmn | bgmn/sodialum.cif
BGMN	BGMN/SphalerFe.cif	SphalerFe.cif	SphalerFe	SPHALERITE_Fe	SPHALERITE_Fe			?	sphalerfe | sphalerite_fe | sphalerite_fe | ? | bgmn | bgmn/sphalerfe.cif
BGMN	BGMN/Sphalerite.cif	Sphalerite.cif	Sphalerite	SPHALERITE	SPHALERITE			?	sphalerite | sphalerite | sphalerite | ? | bgmn | bgmn/sphalerite.cif
BGMN	BGMN/SPINEL.cif	SPINEL.cif	SPINEL	Spinel	Spinel			?	spinel | spinel | spinel | ? | bgmn | bgmn/spinel.cif
BGMN	BGMN/SPODUMEN.cif	SPODUMEN.cif	SPODUMEN	Spodumene	Spodumene			?	spodumen | spodumene | spodumene | ? | bgmn | bgmn/spodumen.cif
BGMN	BGMN/STANNITE.cif	STANNITE.cif	STANNITE	Stannite_Zn	Stannite_Zn			?	stannite | stannite_zn | stannite_zn | ? | bgmn | bgmn/stannite.cif
BGMN	BGMN/STARKEYI.cif	STARKEYI.cif	STARKEYI	Starkeyite	Starkeyite			?	starkeyi | starkeyite | starkeyite | ? | bgmn | bgmn/starkeyi.cif
BGMN	BGMN/Stibnite.cif	Stibnite.cif	Stibnite	Stibnite	Stibnite			?	stibnite | stibnite | stibnite | ? | bgmn | bgmn/stibnite.cif
BGMN	BGMN/STILBITE.cif	STILBITE.cif	STILBITE	Stilbite	Stilbite			?	stilbite | stilbite | stilbite | ? | bgmn | bgmn/stilbite.cif
BGMN	BGMN/Struvite.cif	Struvite.cif	Struvite	Struvite	Struvite			?	struvite | struvite | struvite | ? | bgmn | bgmn/struvite.cif
BGMN	BGMN/Sulfur_alpha.cif	Sulfur_alpha.cif	Sulfur_alpha	Sulfur_alpha	Sulfur_alpha			?	sulfur_alpha | sulfur_alpha | sulfur_alpha | ? | bgmn | bgmn/sulfur_alpha.cif
BGMN	BGMN/Svanbergite.cif	Svanbergite.cif	Svanbergite	Svanbergite	Svanbergite			?	svanbergite | svanbergite | svanbergite | ? | bgmn | bgmn/svanbergite.cif
BGMN	BGMN/SYLVITE.cif	SYLVITE.cif	SYLVITE	Sylvite	Sylvite			?	sylvite | sylvite | sylvite | ? | bgmn | bgmn/sylvite.cif
BGMN	BGMN/Syngenite.cif	Syngenite.cif	Syngenite	Syngenite	Syngenite			?	syngenite | syngenite | syngenite | ? | bgmn | bgmn/syngenite.cif
BGMN	BGMN/SZOMOLNO.cif	SZOMOLNO.cif	SZOMOLNO	Szomolnokite	Szomolnokite			?	szomolno | szomolnokite | szomolnokite | ? | bgmn | bgmn/szomolno.cif
BGMN	BGMN/Tachyhydrite.cif	Tachyhydrite.cif	Tachyhydrite	Tachyhydrite	Tachyhydrite			?	tachyhydrite | tachyhydrite | tachyhydrite | ? | bgmn | bgmn/tachyhydrite.cif
BGMN	BGMN/Talc.cif	Talc.cif	Talc	TALC_C_1	TALC_C-1			?	talc | talc_c_1 | talc_c-1 | ? | bgmn | bgmn/talc.cif
BGMN	BGMN/Tcpalpha.cif	Tcpalpha.cif	Tcpalpha	TCP_alpha	TCP_alpha			?	tcpalpha | tcp_alpha | tcp_alpha | ? | bgmn | bgmn/tcpalpha.cif
BGMN	BGMN/Tcpbeta.cif	Tcpbeta.cif	Tcpbeta	TCP_beta	TCP_beta			?	tcpbeta | tcp_beta | tcp_beta | ? | bgmn | bgmn/tcpbeta.cif
BGMN	BGMN/TENORITE.cif	TENORITE.cif	TENORITE	Tenorite	Tenorite			?	tenorite | tenorite | tenorite | ? | bgmn | bgmn/tenorite.cif
BGMN	BGMN/Tetrahed.cif	Tetrahed.cif	Tetrahed	Tetrahedrite	Tetrahedrite			?	tetrahed | tetrahedrite | tetrahedrite | ? | bgmn | bgmn/tetrahed.cif
BGMN	BGMN/Tetranatro.cif	Tetranatro.cif	Tetranatro	Tetranatrolite	Tetranatrolite			?	tetranatro | tetranatrolite | tetranatrolite | ? | bgmn | bgmn/tetranatro.cif
BGMN	BGMN/Thenardite.cif	Thenardite.cif	Thenardite	Thenardite	Thenardite			?	thenardite | thenardite | thenardite | ? | bgmn | bgmn/thenardite.cif
BGMN	BGMN/THERMONA.cif	THERMONA.cif	THERMONA	Thermonatrite	Thermonatrite			?	thermona | thermonatrite | thermonatrite | ? | bgmn | bgmn/thermona.cif
BGMN	BGMN/TI4O7.cif	TI4O7.cif	TI4O7	Ti4O7	Ti4O7			?	ti4o7 | ti4o7 | ti4o7 | ? | bgmn | bgmn/ti4o7.cif
BGMN	BGMN/TITANITE.cif	TITANITE.cif	TITANITE	Titanite	Titanite			?	titanite | titanite | titanite | ? | bgmn | bgmn/titanite.cif
BGMN	BGMN/TITANOMA.cif	TITANOMA.cif	TITANOMA	Magnetite_Ti	Magnetite_Ti			?	titanoma | magnetite_ti | magnetite_ti | ? | bgmn | bgmn/titanoma.cif
BGMN	BGMN/Tob11mkl.cif	Tob11mkl.cif	Tob11mkl	Tobermorite_11A_monoclinic	Tobermorite_11A_monoclinic			?	tob11mkl | tobermorite_11a_monoclinic | tobermorite_11a_monoclinic | ? | bgmn | bgmn/tob11mkl.cif
BGMN	BGMN/Tobermorite11A.cif	Tobermorite11A.cif	Tobermorite11A	Tobermorite_11A	Tobermorite_11A			?	tobermorite11a | tobermorite_11a | tobermorite_11a | ? | bgmn | bgmn/tobermorite11a.cif
BGMN	BGMN/Tobermorite9A.cif	Tobermorite9A.cif	Tobermorite9A	Tobermorite9A	Tobermorite9A			?	tobermorite9a | tobermorite9a | tobermorite9a | ? | bgmn | bgmn/tobermorite9a.cif
BGMN	BGMN/Todorokite.cif	Todorokite.cif	Todorokite	Todorokite	Todorokite			?	todorokite | todorokite | todorokite | ? | bgmn | bgmn/todorokite.cif
BGMN	BGMN/Topaz.cif	Topaz.cif	Topaz	Topaz	Topaz			?	topaz | topaz | topaz | ? | bgmn | bgmn/topaz.cif
BGMN	BGMN/TRIDYLOW.cif	TRIDYLOW.cif	TRIDYLOW	Tridymite_low	Tridymite_low			?	tridylow | tridymite_low | tridymite_low | ? | bgmn | bgmn/tridylow.cif
BGMN	BGMN/Tridyorth.cif	Tridyorth.cif	Tridyorth	TRIDYMITE_ORTHORHOMBIC	TRIDYMITE_ORTHORHOMBIC			?	tridyorth | tridymite_orthorhombic | tridymite_orthorhombic | ? | bgmn | bgmn/tridyorth.cif
BGMN	BGMN/TROILITE.cif	TROILITE.cif	TROILITE	Troilite	Troilite			?	troilite | troilite | troilite | ? | bgmn | bgmn/troilite.cif
BGMN	BGMN/TRONA.cif	TRONA.cif	TRONA	Trona	Trona			?	trona | trona | trona | ? | bgmn | bgmn/trona.cif
BGMN	BGMN/TTCP.cif	TTCP.cif	TTCP	TTCP_Hilgenstockite	TTCP_Hilgenstockite			?	ttcp | ttcp_hilgenstockite | ttcp_hilgenstockite | ? | bgmn | bgmn/ttcp.cif
BGMN	BGMN/Uricacid.cif	Uricacid.cif	Uricacid	Uricacid	Uricacid			?	uricacid | uricacid | uricacid | ? | bgmn | bgmn/uricacid.cif
BGMN	BGMN/Uricaciddihydrate.cif	Uricaciddihydrate.cif	Uricaciddihydrate	Uricaciddihydrate	Uricaciddihydrate			?	uricaciddihydrate | uricaciddihydrate | uricaciddihydrate | ? | bgmn | bgmn/uricaciddihydrate.cif
BGMN	BGMN/VATERITE.cif	VATERITE.cif	VATERITE	Vaterite	Vaterite			?	vaterite | vaterite | vaterite | ? | bgmn | bgmn/vaterite.cif
BGMN	BGMN/Villiaumite.cif	Villiaumite.cif	Villiaumite	Villiaumite	Villiaumite			?	villiaumite | villiaumite | villiaumite | ? | bgmn | bgmn/villiaumite.cif
BGMN	BGMN/Vivianite.cif	Vivianite.cif	Vivianite	Vivianite	Vivianite			?	vivianite | vivianite | vivianite | ? | bgmn | bgmn/vivianite.cif
BGMN	BGMN/WC.cif	WC.cif	WC	Tungsten_Carbide	Tungsten_Carbide			?	wc | tungsten_carbide | tungsten_carbide | ? | bgmn | bgmn/wc.cif
BGMN	BGMN/Weddellite.cif	Weddellite.cif	Weddellite	Weddellite	Weddellite			?	weddellite | weddellite | weddellite | ? | bgmn | bgmn/weddellite.cif
BGMN	BGMN/Whewellite.cif	Whewellite.cif	Whewellite	Whewellite	Whewellite			?	whewellite | whewellite | whewellite | ? | bgmn | bgmn/whewellite.cif
BGMN	BGMN/Witherite.cif	Witherite.cif	Witherite	Witherite	Witherite			?	witherite | witherite | witherite | ? | bgmn | bgmn/witherite.cif
BGMN	BGMN/Wollastonite1t.cif	Wollastonite1t.cif	Wollastonite1t	Wollastonite_1T	Wollastonite_1T			?	wollastonite1t | wollastonite_1t | wollastonite_1t | ? | bgmn | bgmn/wollastonite1t.cif
BGMN	BGMN/Wollastonite2m.cif	Wollastonite2m.cif	Wollastonite2m	Wollastonite_2M	Wollastonite_2M			?	wollastonite2m | wollastonite_2m | wollastonite_2m | ? | bgmn | bgmn/wollastonite2m.cif
BGMN	BGMN/WUESTITE.cif	WUESTITE.cif	WUESTITE	Wuestite	Wuestite			?	wuestite | wuestite | wuestite | ? | bgmn | bgmn/wuestite.cif
BGMN	BGMN/WURTZITE.cif	WURTZITE.cif	WURTZITE	WURTZITE_2H	WURTZITE_2H			?	wurtzite | wurtzite_2h | wurtzite_2h | ? | bgmn | bgmn/wurtzite.cif
BGMN	BGMN/XENOTIME.cif	XENOTIME.cif	XENOTIME	Xenotime	Xenotime			?	xenotime | xenotime | xenotime | ? | bgmn | bgmn/xenotime.cif
BGMN	BGMN/Xonotlite.cif	Xonotlite.cif	Xonotlite	Xonotlite	Xonotlite			?	xonotlite | xonotlite | xonotlite | ? | bgmn | bgmn/xonotlite.cif
BGMN	BGMN/Y2O3.cif	Y2O3.cif	Y2O3	Y2O3	Y2O3			?	y2o3 | y2o3 | y2o3 | ? | bgmn | bgmn/y2o3.cif
BGMN	BGMN/Y4Al2O9.cif	Y4Al2O9.cif	Y4Al2O9	Y4Al2O9	Y4Al2O9			?	y4al2o9 | y4al2o9 | y4al2o9 | ? | bgmn | bgmn/y4al2o9.cif
BGMN	BGMN/Yag.cif	Yag.cif	Yag	YAG	YAG			?	yag | yag | yag | ? | bgmn | bgmn/yag.cif
BGMN	BGMN/Ysi2.cif	Ysi2.cif	Ysi2	YSi2	YSi2			?	ysi2 | ysi2 | ysi2 | ? | bgmn | bgmn/ysi2.cif
BGMN	BGMN/Yttriumsilicide.cif	Yttriumsilicide.cif	Yttriumsilicide	Y0_99Si1_667	Y0.99Si1.667			?	yttriumsilicide | y0_99si1_667 | y0.99si1.667 | ? | bgmn | bgmn/yttriumsilicide.cif
BGMN	BGMN/ZENAHY10.cif	ZENAHY10.cif	ZENAHY10	Zeolite_NaHY10	Zeolite_NaHY10			?	zenahy10 | zeolite_nahy10 | zeolite_nahy10 | ? | bgmn | bgmn/zenahy10.cif
BGMN	BGMN/Zincite.cif	Zincite.cif	Zincite	Zincite	Zincite			?	zincite | zincite | zincite | ? | bgmn | bgmn/zincite.cif
BGMN	BGMN/Zinnwaldite.cif	Zinnwaldite.cif	Zinnwaldite	Zinnwaldite_1M	Zinnwaldite_1M			?	zinnwaldite | zinnwaldite_1m | zinnwaldite_1m | ? | bgmn | bgmn/zinnwaldite.cif
BGMN	BGMN/ZIRCON.cif	ZIRCON.cif	ZIRCON	Zircon	Zircon			?	zircon | zircon | zircon | ? | bgmn | bgmn/zircon.cif
BGMN	BGMN/ZN5OH8CL.cif	ZN5OH8CL.cif	ZN5OH8CL	Zn5_OH_8CL2_H2O	Zn5(OH)8CL2(H2O)			?	zn5oh8cl | zn5_oh_8cl2_h2o | zn5(oh)8cl2(h2o) | ? | bgmn | bgmn/zn5oh8cl.cif
BGMN	BGMN/Zoisite.cif	Zoisite.cif	Zoisite	Zoisite	Zoisite			?	zoisite | zoisite | zoisite | ? | bgmn | bgmn/zoisite.cif
BGMN	BGMN/Zro2cacub.cif	Zro2cacub.cif	Zro2cacub	ZrO2_Ca_cubic	ZrO2_Ca_cubic			?	zro2cacub | zro2_ca_cubic | zro2_ca_cubic | ? | bgmn | bgmn/zro2cacub.cif
BGMN	BGMN/Zro2cub.cif	Zro2cub.cif	Zro2cub	ZrO2_cubic	ZrO2_cubic			?	zro2cub | zro2_cubic | zro2_cubic | ? | bgmn | bgmn/zro2cub.cif
BGMN	BGMN/ZRO2MKL.cif	ZRO2MKL.cif	ZRO2MKL	ZrO2_Baddeleyite	ZrO2_Baddeleyite			?	zro2mkl | zro2_baddeleyite | zro2_baddeleyite | ? | bgmn | bgmn/zro2mkl.cif
BGMN	BGMN/Zro2tet.cif	Zro2tet.cif	Zro2tet	ZrO2_tetragonal	ZrO2_tetragonal			?	zro2tet | zro2_tetragonal | zro2_tetragonal | ? | bgmn | bgmn/zro2tet.cif
BGMN	BGMN/Zro2y21.cif	Zro2y21.cif	Zro2y21	ZrO2_Y0_21_cubic	ZrO2_Y0.21_cubic			?	zro2y21 | zro2_y0_21_cubic | zro2_y0.21_cubic | ? | bgmn | bgmn/zro2y21.cif
BGMN	BGMN/Zro2y28.cif	Zro2y28.cif	Zro2y28	ZrO2_Y0_28_cubic	ZrO2_Y0.28_cubic			?	zro2y28 | zro2_y0_28_cubic | zro2_y0.28_cubic | ? | bgmn | bgmn/zro2y28.cif
BGMN	BGMN/Zro2ycub.cif	Zro2ycub.cif	Zro2ycub	ZrO2_Y_cubic	ZrO2_Y_cubic			?	zro2ycub | zro2_y_cubic | zro2_y_cubic | ? | bgmn | bgmn/zro2ycub.cif
Cement	Cement/C2S-alpha.cif	C2S-alpha.cif	C2S-alpha	alphaC2S	alphaC2S			Ca2SiO4	c2s-alpha | alphac2s | alphac2s | ca2sio4 | cement | cement/c2s-alpha.cif
Cement	Cement/C2S-beta.cif	C2S-beta.cif	C2S-beta	betaC2S	betaC2S			Ca2 (SiO4)	c2s-beta | betac2s | betac2s | ca2 (sio4) | cement | cement/c2s-beta.cif
Cement	Cement/C2S-gamma.cif	C2S-gamma.cif	C2S-gamma	gammaC2S	gammaC2S			Ca2 (SiO4)	c2s-gamma | gammac2s | gammac2s | ca2 (sio4) | cement | cement/c2s-gamma.cif
Cement	Cement/C3S-Alite-m.cif	C3S-Alite-m.cif	C3S-Alite-m	C3SaliteM	C3SaliteM			Ca3 (SiO4) O	c3s-alite-m | c3salitem | c3salitem | ca3 (sio4) o | cement | cement/c3s-alite-m.cif
Cement	Cement/C3S-Alite-r.cif	C3S-Alite-r.cif	C3S-Alite-r	C3SaliteR	C3SaliteR			Ca3 (SiO4) O	c3s-alite-r | c3saliter | c3saliter | ca3 (sio4) o | cement | cement/c3s-alite-r.cif
Cement	Cement/C3S-Alite-t.cif	C3S-Alite-t.cif	C3S-Alite-t	C3SaliteT	C3SaliteT			Ca3 (SiO4) O	c3s-alite-t | c3salitet | c3salitet | ca3 (sio4) o | cement | cement/c3s-alite-t.cif
Cement	Cement/Ca2SiO3O2H2.cif	Ca2SiO3O2H2.cif	Ca2SiO3O2H2	Ca2SiO3O2H2	Ca2SiO3O2H2			Ca2 (SiO3) (OH)2	ca2sio3o2h2 | ca2sio3o2h2 | ca2sio3o2h2 | ca2 (sio3) (oh)2 | cement | cement/ca2sio3o2h2.cif
Cement	Cement/CaOH2.cif	CaOH2.cif	CaOH2	CaOH2	CaOH2			Ca (OH)2	caoh2 | caoh2 | caoh2 | ca (oh)2 | cement | cement/caoh2.cif
Cement	Cement/CSA.cif	CSA.cif	CSA	CSA	CSA			Ca (SO4)	csa | csa | csa | ca (so4) | cement | cement/csa.cif
Cement	Cement/CSD.cif	CSD.cif	CSD	CSD	CSD			Ca ( S O4 ) ( H2 O )2	csd | csd | csd | ca ( s o4 ) ( h2 o )2 | cement | cement/csd.cif
Cement	Cement/CSH.cif	CSH.cif	CSH	CSH	CSH			Ca2 (SO4)2 (H2O)	csh | csh | csh | ca2 (so4)2 (h2o) | cement | cement/csh.cif
Cement	Cement/CSH-0625.cif	CSH-0625.cif	CSH-0625	CSH0625	CSH0625			Ca8 ( S O4 )8 ( H2 O )5	csh-0625 | csh0625 | csh0625 | ca8 ( s o4 )8 ( h2 o )5 | cement | cement/csh-0625.cif
Cement-PST	Cement-PST/Alite-Mono-DeLeTorre.cif	Alite-Mono-DeLeTorre.cif	Alite-Mono-DeLeTorre	Alite	Alite			Ca3 (Si O4) O	alite-mono-deletorre | alite | alite | ca3 (si o4) o | cement-pst | cement-pst/alite-mono-deletorre.cif
Cement-PST	Cement-PST/Alite-Mono-Hatrurite.cif	Alite-Mono-Hatrurite.cif	Alite-Mono-Hatrurite	C3S_monoclinic	C3S_monoclinic			Ca3 (SiO4) O	alite-mono-hatrurite | c3s_monoclinic | c3s_monoclinic | ca3 (sio4) o | cement-pst | cement-pst/alite-mono-hatrurite.cif
Cement-PST	Cement-PST/Alite-Mono-M1.cif	Alite-Mono-M1.cif	Alite-Mono-M1	AliteM1	AliteM1			Ca3 Si O5	alite-mono-m1 | alitem1 | alitem1 | ca3 si o5 | cement-pst | cement-pst/alite-mono-m1.cif
Cement-PST	Cement-PST/Alite-Mumme.cif	Alite-Mumme.cif	Alite-Mumme	Hatrurite	Hatrurite			Ca3 (Si O4) O	alite-mumme | hatrurite | hatrurite | ca3 (si o4) o | cement-pst | cement-pst/alite-mumme.cif
Cement-PST	Cement-PST/Alite-Nishi.cif	Alite-Nishi.cif	Alite-Nishi	Alite	Alite			Ca3SiO5	alite-nishi | alite | alite | ca3sio5 | cement-pst | cement-pst/alite-nishi.cif
Cement-PST	Cement-PST/Alite-Triclinic-P1.cif	Alite-Triclinic-P1.cif	Alite-Triclinic-P1	Alite	Alite			Ca3 Si O5	alite-triclinic-p1 | alite | alite | ca3 si o5 | cement-pst | cement-pst/alite-triclinic-p1.cif
Cement-PST	Cement-PST/Alite_deNorifontaine_M1_Pc.cif	Alite_deNorifontaine_M1_Pc.cif	Alite_deNorifontaine_M1_Pc	Alite	Alite			Ca3 (Si O4) O	alite_denorifontaine_m1_pc | alite | alite | ca3 (si o4) o | cement-pst | cement-pst/alite_denorifontaine_m1_pc.cif
Cement-PST	Cement-PST/Alite_M3_delatorre.cif	Alite_M3_delatorre.cif	Alite_M3_delatorre	Hatrurite	Hatrurite			Ca3 (Si O4) O	alite_m3_delatorre | hatrurite | hatrurite | ca3 (si o4) o | cement-pst | cement-pst/alite_m3_delatorre.cif
Cement-PST	Cement-PST/Alite_M3_Nishi.cif	Alite_M3_Nishi.cif	Alite_M3_Nishi	Hatrurite	Hatrurite			Ca3 (Si O4) O	alite_m3_nishi | hatrurite | hatrurite | ca3 (si o4) o | cement-pst | cement-pst/alite_m3_nishi.cif
Cement-PST	Cement-PST/Alite_T1.cif	Alite_T1.cif	Alite_T1	CalciumSilicateOxide	CalciumSilicateOxide			Ca3 (Si O4) O	alite_t1 | calciumsilicateoxide | calciumsilicateoxide | ca3 (si o4) o | cement-pst | cement-pst/alite_t1.cif
Cement-PST	Cement-PST/Alite_T3_DelaTorre.cif	Alite_T3_DelaTorre.cif	Alite_T3_DelaTorre	C3ST3DelaTorre	C3ST3DelaTorre			?	alite_t3_delatorre | c3st3delatorre | c3st3delatorre | ? | cement-pst | cement-pst/alite_t3_delatorre.cif
Cement-PST	Cement-PST/Aluminate-Cub-Jeffrey.cif	Aluminate-Cub-Jeffrey.cif	Aluminate-Cub-Jeffrey	C3ACub	C3ACub			Ca3 Al2 O6	aluminate-cub-jeffrey | c3acub | c3acub | ca3 al2 o6 | cement-pst | cement-pst/aluminate-cub-jeffrey.cif
Cement-PST	Cement-PST/Aluminate-Cub-Takeuchi.cif	Aluminate-Cub-Takeuchi.cif	Aluminate-Cub-Takeuchi	C3ACubic	C3ACubic			(Ca8.6875Na0.625[Al2O6])2	aluminate-cub-takeuchi | c3acubic | c3acubic | (ca8.6875na0.625[al2o6])2 | cement-pst | cement-pst/aluminate-cub-takeuchi.cif
Cement-PST	Cement-PST/Aluminate-Ort-Takeuchi.cif	Aluminate-Ort-Takeuchi.cif	Aluminate-Ort-Takeuchi	C3AOrt	C3AOrt			Ca5 Al3 Na O9	aluminate-ort-takeuchi | c3aort | c3aort | ca5 al3 na o9 | cement-pst | cement-pst/aluminate-ort-takeuchi.cif
Cement-PST	Cement-PST/Aluminate_Orthorhombic.cif	Aluminate_Orthorhombic.cif	Aluminate_Orthorhombic	C3AOrt	C3AOrt			Ca7,95 Na1,74 Al6 O17,82	aluminate_orthorhombic | c3aort | c3aort | ca7,95 na1,74 al6 o17,82 | cement-pst | cement-pst/aluminate_orthorhombic.cif
Cement-PST	Cement-PST/Aluminate_Orthorhombic_Nishi.cif	Aluminate_Orthorhombic_Nishi.cif	Aluminate_Orthorhombic_Nishi	C3AOrt	C3AOrt			Ca8.5NaAl6O18	aluminate_orthorhombic_nishi | c3aort | c3aort | ca8.5naal6o18 | cement-pst | cement-pst/aluminate_orthorhombic_nishi.cif
Cement-PST	Cement-PST/Anhydrite.cif	Anhydrite.cif	Anhydrite	Anhydrite	Anhydrite			Ca S O4	anhydrite | anhydrite | anhydrite | ca s o4 | cement-pst | cement-pst/anhydrite.cif
Cement-PST	Cement-PST/Anhydrite-Soluble.cif	Anhydrite-Soluble.cif	Anhydrite-Soluble	Anhydrite	Anhydrite			Ca (S O4)	anhydrite-soluble | anhydrite | anhydrite | ca (s o4) | cement-pst | cement-pst/anhydrite-soluble.cif
Cement-PST	Cement-PST/Aphthitalite.cif	Aphthitalite.cif	Aphthitalite	Aphthitalite	Aphthitalite			K3 Na S2 O8	aphthitalite | aphthitalite | aphthitalite | k3 na s2 o8 | cement-pst | cement-pst/aphthitalite.cif
Cement-PST	Cement-PST/Arcanite-McGinnity.cif	Arcanite-McGinnity.cif	Arcanite-McGinnity	Arcanite	Arcanite			K2 (S O4)	arcanite-mcginnity | arcanite | arcanite | k2 (s o4) | cement-pst | cement-pst/arcanite-mcginnity.cif
Cement-PST	Cement-PST/Bassanite.cif	Bassanite.cif	Bassanite	Bassanite	Bassanite			?	bassanite | bassanite | bassanite | ? | cement-pst | cement-pst/bassanite.cif
Cement-PST	Cement-PST/Bassanite-Schmidt.cif	Bassanite-Schmidt.cif	Bassanite-Schmidt	Bassanite	Bassanite			Ca2 S2 O9 H2	bassanite-schmidt | bassanite | bassanite | ca2 s2 o9 h2 | cement-pst | cement-pst/bassanite-schmidt.cif
Cement-PST	Cement-PST/Belite.cif	Belite.cif	Belite	Belite	Belite			Ca2SiO4	belite | belite | belite | ca2sio4 | cement-pst | cement-pst/belite.cif
Cement-PST	Cement-PST/Belite-Jost.cif	Belite-Jost.cif	Belite-Jost	Belite	Belite			Ca2SiO4	belite-jost | belite | belite | ca2sio4 | cement-pst | cement-pst/belite-jost.cif
Cement-PST	Cement-PST/Belite-Mumme.cif	Belite-Mumme.cif	Belite-Mumme	Belite	Belite			Ca2SiO4	belite-mumme | belite | belite | ca2sio4 | cement-pst | cement-pst/belite-mumme.cif
Cement-PST	Cement-PST/Belite-Mumme_88.cif	Belite-Mumme_88.cif	Belite-Mumme_88	Belite	Belite			Ca2SiO4	belite-mumme_88 | belite | belite | ca2sio4 | cement-pst | cement-pst/belite-mumme_88.cif
Cement-PST	Cement-PST/C2S-Larnite.cif	C2S-Larnite.cif	C2S-Larnite	C2S_monoclinic	C2S-monoclinic			Ca2 (SiO4)	c2s-larnite | c2s_monoclinic | c2s-monoclinic | ca2 (sio4) | cement-pst | cement-pst/c2s-larnite.cif
Cement-PST	Cement-PST/C2S_AlphaPrime.cif	C2S_AlphaPrime.cif	C2S_AlphaPrime	CalciumSilicate21Alpha	CalciumSilicate21Alpha			Ca2 (Si O4)	c2s_alphaprime | calciumsilicate21alpha | calciumsilicate21alpha | ca2 (si o4) | cement-pst | cement-pst/c2s_alphaprime.cif
Cement-PST	Cement-PST/C2S_AlphaPrimeHigh.cif	C2S_AlphaPrimeHigh.cif	C2S_AlphaPrimeHigh	AlphaPrimeHigh	AlphaPrimeHigh			Ca2 (Si O4)	c2s_alphaprimehigh | alphaprimehigh | alphaprimehigh | ca2 (si o4) | cement-pst | cement-pst/c2s_alphaprimehigh.cif
Cement-PST	Cement-PST/C2S_AlphaPrimeLow.cif	C2S_AlphaPrimeLow.cif	C2S_AlphaPrimeLow	AlphaPrimeLow	AlphaPrimeLow			Ca2 (Si O4)	c2s_alphaprimelow | alphaprimelow | alphaprimelow | ca2 (si o4) | cement-pst | cement-pst/c2s_alphaprimelow.cif
Cement-PST	Cement-PST/C2SAlpha.cif	C2SAlpha.cif	C2SAlpha	C2SAlpha	C2SAlpha			Ca2 Si O4	c2salpha | c2salpha | c2salpha | ca2 si o4 | cement-pst | cement-pst/c2salpha.cif
Cement-PST	Cement-PST/C2SAlpha-Mumme.cif	C2SAlpha-Mumme.cif	C2SAlpha-Mumme	c2samu	c2samu			Ca2SiO4	c2salpha-mumme | c2samu | c2samu | ca2sio4 | cement-pst | cement-pst/c2salpha-mumme.cif
Cement-PST	Cement-PST/C2SGamma-Mumme.cif	C2SGamma-Mumme.cif	C2SGamma-Mumme	c2sgamu	c2sgamu			Ca2SiO4	c2sgamma-mumme | c2sgamu | c2sgamu | ca2sio4 | cement-pst | cement-pst/c2sgamma-mumme.cif
Cement-PST	Cement-PST/Calcite.cif	Calcite.cif	Calcite	Calcite	Calcite			Ca (CO3)	calcite | calcite | calcite | ca (co3) | cement-pst | cement-pst/calcite.cif
Cement-PST	Cement-PST/Calcite-Markgraf.cif	Calcite-Markgraf.cif	Calcite-Markgraf	Calcite	Calcite			Ca C O3	calcite-markgraf | calcite | calcite | ca c o3 | cement-pst | cement-pst/calcite-markgraf.cif
Cement-PST	Cement-PST/Calcite-Mg_Althoff.cif	Calcite-Mg_Althoff.cif	Calcite-Mg_Althoff	Calcite	Calcite			(Ca.9 Mg.1) C O3	calcite-mg_althoff | calcite | calcite | (ca.9 mg.1) c o3 | cement-pst | cement-pst/calcite-mg_althoff.cif
Cement-PST	Cement-PST/Ferrite.cif	Ferrite.cif	Ferrite	Ferrite	Ferrite			Ca2 Fe Al2 O5	ferrite | ferrite | ferrite | ca2 fe al2 o5 | cement-pst | cement-pst/ferrite.cif
Cement-PST	Cement-PST/Ferrite-Colville.cif	Ferrite-Colville.cif	Ferrite-Colville	Brownmillerite	Brownmillerite			Ca2 Fe Al2 O5	ferrite-colville | brownmillerite | brownmillerite | ca2 fe al2 o5 | cement-pst | cement-pst/ferrite-colville.cif
Cement-PST	Cement-PST/Ferrite_88.cif	Ferrite_88.cif	Ferrite_88	Ferrite	Ferrite			Ca2 Fe Al2 O5	ferrite_88 | ferrite | ferrite | ca2 fe al2 o5 | cement-pst | cement-pst/ferrite_88.cif
Cement-PST	Cement-PST/Gypsum.cif	Gypsum.cif	Gypsum	Gypsum	Gypsum			?	gypsum | gypsum | gypsum | ? | cement-pst | cement-pst/gypsum.cif
Cement-PST	Cement-PST/Langbeinite_Ca.cif	Langbeinite_Ca.cif	Langbeinite_Ca	Langbeinite	Langbeinite			K2 Ca2 S3 O12	langbeinite_ca | langbeinite | langbeinite | k2 ca2 s3 o12 | cement-pst | cement-pst/langbeinite_ca.cif
Cement-PST	Cement-PST/Langbeinite_Mg.cif	Langbeinite_Mg.cif	Langbeinite_Mg	Langbeinite	Langbeinite			K2 Mg2 S3 O12	langbeinite_mg | langbeinite | langbeinite | k2 mg2 s3 o12 | cement-pst | cement-pst/langbeinite_mg.cif
Cement-PST	Cement-PST/Lime.cif	Lime.cif	Lime	CaO	CaO			Ca O	lime | cao | cao | ca o | cement-pst | cement-pst/lime.cif
Cement-PST	Cement-PST/Metathenardite.cif	Metathenardite.cif	Metathenardite	Metathenardite	Metathenardite			Na2 S O4	metathenardite | metathenardite | metathenardite | na2 s o4 | cement-pst | cement-pst/metathenardite.cif
Cement-PST	Cement-PST/MgCalcite.cif	MgCalcite.cif	MgCalcite	MgCalcite	MgCalcite			Ca5.40 Mg0.60 C6 O18	mgcalcite | mgcalcite | mgcalcite | ca5.40 mg0.60 c6 o18 | cement-pst | cement-pst/mgcalcite.cif
Cement-PST	Cement-PST/Mirabalite_Coco.cif	Mirabalite_Coco.cif	Mirabalite_Coco	Na2SO14H20	Na2SO14H20			Na2SO14H20	mirabalite_coco | na2so14h20 | na2so14h20 | na2so14h20 | cement-pst | cement-pst/mirabalite_coco.cif
Cement-PST	Cement-PST/Mirabilite AMCSD.cif	Mirabilite AMCSD.cif	Mirabilite AMCSD	Mirabilite	Mirabilite			S Na2 O14 H20	mirabilite amcsd | mirabilite | mirabilite | s na2 o14 h20 | cement-pst | cement-pst/mirabilite amcsd.cif
Cement-PST	Cement-PST/Periclase.cif	Periclase.cif	Periclase	MgO	MgO			Mg O	periclase | mgo | mgo | mg o | cement-pst | cement-pst/periclase.cif
Cement-PST	Cement-PST/Portlandite.cif	Portlandite.cif	Portlandite	Portlandite	Portlandite			Ca O2 H2	portlandite | portlandite | portlandite | ca o2 h2 | cement-pst | cement-pst/portlandite.cif
Cement-PST	Cement-PST/Quartz-p3121.cif	Quartz-p3121.cif	Quartz-p3121	SiO2p3121	SiO2p3121			Si O2	quartz-p3121 | sio2p3121 | sio2p3121 | si o2 | cement-pst | cement-pst/quartz-p3121.cif
Cement-PST	Cement-PST/Quartz-p3221.cif	Quartz-p3221.cif	Quartz-p3221	SiO2p3221	SiO2p3221			Si O2	quartz-p3221 | sio2p3221 | sio2p3221 | si o2 | cement-pst | cement-pst/quartz-p3221.cif
Cement-PST	Cement-PST/Syngenite.cif	Syngenite.cif	Syngenite	Syngenite	Syngenite			K2 Ca S2 O9 H2	syngenite | syngenite | syngenite | k2 ca s2 o9 h2 | cement-pst | cement-pst/syngenite.cif
Cement-PST	Cement-PST/Thenardite.cif	Thenardite.cif	Thenardite	Thenardite	Thenardite			Na2 S O4	thenardite | thenardite | thenardite | na2 s o4 | cement-pst | cement-pst/thenardite.cif
Ceramics	Ceramics/Ag2CO3.cif	Ag2CO3.cif	Ag2CO3	Ag2CO3	Ag2CO3			Ag2 ( C O3 )	ag2co3 | ag2co3 | ag2co3 | ag2 ( c o3 ) | ceramics | ceramics/ag2co3.cif
Ceramics	Ceramics/Ag2O.cif	Ag2O.cif	Ag2O	Ag2O	Ag2O			Ag2 O	ag2o | ag2o | ag2o | ag2 o | ceramics | ceramics/ag2o.cif
Ceramics	Ceramics/Ag2O3.cif	Ag2O3.cif	Ag2O3	Ag2O3	Ag2O3			Ag2 O3	ag2o3 | ag2o3 | ag2o3 | ag2 o3 | ceramics | ceramics/ag2o3.cif
Ceramics	Ceramics/Ag3O4.cif	Ag3O4.cif	Ag3O4	Ag3O4	Ag3O4			Ag3 O4	ag3o4 | ag3o4 | ag3o4 | ag3 o4 | ceramics | ceramics/ag3o4.cif
Ceramics	Ceramics/AgFeO2.cif	AgFeO2.cif	AgFeO2	AgFeO2	AgFeO2			Ag Fe O2	agfeo2 | agfeo2 | agfeo2 | ag fe o2 | ceramics | ceramics/agfeo2.cif
Ceramics	Ceramics/AgNO2.cif	AgNO2.cif	AgNO2	AgNO2	AgNO2			Ag (NO2)	agno2 | agno2 | agno2 | ag (no2) | ceramics | ceramics/agno2.cif
Ceramics	Ceramics/AgNO3.cif	AgNO3.cif	AgNO3	SilverNitrate	SilverNitrate			Ag ( N O3 )	agno3 | silvernitrate | silvernitrate | ag ( n o3 ) | ceramics | ceramics/agno3.cif
Ceramics	Ceramics/AgO.cif	AgO.cif	AgO	SilverOxide	SilverOxide			Ag O	ago | silveroxide | silveroxide | ag o | ceramics | ceramics/ago.cif
Ceramics	Ceramics/Ammonium-Iron-Fluoride-hexagonal.cif	Ammonium-Iron-Fluoride-hexagonal.cif	Ammonium-Iron-Fluoride-hexagonal	AmmoniumIronFluorideHex	AmmoniumIronFluorideHex			( N H4 )0.75 Fe3 F9	ammonium-iron-fluoride-hexagonal | ammoniumironfluoridehex | ammoniumironfluoridehex | ( n h4 )0.75 fe3 f9 | ceramics | ceramics/ammonium-iron-fluoride-hexagonal.cif
Ceramics	Ceramics/Ammonium-Iron-Fluoride-orthorhombic.cif	Ammonium-Iron-Fluoride-orthorhombic.cif	Ammonium-Iron-Fluoride-orthorhombic	AmmoniumIronFluorideOrtho	AmmoniumIronFluorideOrtho			( N H4 )2 Fe F5	ammonium-iron-fluoride-orthorhombic | ammoniumironfluorideortho | ammoniumironfluorideortho | ( n h4 )2 fe f5 | ceramics | ceramics/ammonium-iron-fluoride-orthorhombic.cif
Ceramics	Ceramics/AmmoniumCopperChlorideHydrate.cif	AmmoniumCopperChlorideHydrate.cif	AmmoniumCopperChlorideHydrate	AmmoniumCopperChlorideHydrate	AmmoniumCopperChlorideHydrate			( N H4 )2 Cu Cl4 ( H2 O )2	ammoniumcopperchloridehydrate | ammoniumcopperchloridehydrate | ammoniumcopperchloridehydrate | ( n h4 )2 cu cl4 ( h2 o )2 | ceramics | ceramics/ammoniumcopperchloridehydrate.cif
Ceramics	Ceramics/AmmoniumCopperFluorideHydrate.cif	AmmoniumCopperFluorideHydrate.cif	AmmoniumCopperFluorideHydrate	AmmoniumCopperFluorideHydrate	AmmoniumCopperFluorideHydrate			( N H4 )2 Cu F4 ( H2 O )2	ammoniumcopperfluoridehydrate | ammoniumcopperfluoridehydrate | ammoniumcopperfluoridehydrate | ( n h4 )2 cu f4 ( h2 o )2 | ceramics | ceramics/ammoniumcopperfluoridehydrate.cif
Ceramics	Ceramics/Ammoniumfluoride.cif	Ammoniumfluoride.cif	Ammoniumfluoride	AmmoniumFluoride	AmmoniumFluoride			( N H4 ) F	ammoniumfluoride | ammoniumfluoride | ammoniumfluoride | ( n h4 ) f | ceramics | ceramics/ammoniumfluoride.cif
Ceramics	Ceramics/Ammoniumsulphate.cif	Ammoniumsulphate.cif	Ammoniumsulphate	Ammoniumsulphate	Ammoniumsulphate			(NH4)2 (SO4)	ammoniumsulphate | ammoniumsulphate | ammoniumsulphate | (nh4)2 (so4) | ceramics | ceramics/ammoniumsulphate.cif
Ceramics	Ceramics/BaO3Ti.cif	BaO3Ti.cif	BaO3Ti	BaO3Ti	BaO3Ti			Ba O3 Ti	bao3ti | bao3ti | bao3ti | ba o3 ti | ceramics | ceramics/bao3ti.cif
Ceramics	Ceramics/BaTiO3-cubic.cif	BaTiO3-cubic.cif	BaTiO3-cubic	BaTiO3Cubic	BaTiO3Cubic			Ba Ti O3	batio3-cubic | batio3cubic | batio3cubic | ba ti o3 | ceramics | ceramics/batio3-cubic.cif
Ceramics	Ceramics/BaTiO3-tetragonal.cif	BaTiO3-tetragonal.cif	BaTiO3-tetragonal	BaTiO3Tetragonal	BaTiO3Tetragonal			Ba Ti O3	batio3-tetragonal | batio3tetragonal | batio3tetragonal | ba ti o3 | ceramics | ceramics/batio3-tetragonal.cif
Ceramics	Ceramics/CaAl2O4.cif	CaAl2O4.cif	CaAl2O4	CaAl2O4	CaAl2O4			Ca Al2 O4	caal2o4 | caal2o4 | caal2o4 | ca al2 o4 | ceramics | ceramics/caal2o4.cif
Ceramics	Ceramics/CaAl4O7.cif	CaAl4O7.cif	CaAl4O7	CaAl4O7	CaAl4O7			Ca Al4 O7	caal4o7 | caal4o7 | caal4o7 | ca al4 o7 | ceramics | ceramics/caal4o7.cif
Ceramics	Ceramics/CaCl2.cif	CaCl2.cif	CaCl2	CaCl2	CaCl2			Ca Cl2	cacl2 | cacl2 | cacl2 | ca cl2 | ceramics | ceramics/cacl2.cif
Ceramics	Ceramics/CaCr2O4-alpha.cif	CaCr2O4-alpha.cif	CaCr2O4-alpha	alphaCaCr2O4	alphaCaCr2O4			Ca Cr2 O4	cacr2o4-alpha | alphacacr2o4 | alphacacr2o4 | ca cr2 o4 | ceramics | ceramics/cacr2o4-alpha.cif
Ceramics	Ceramics/CaCr2O4-beta.cif	CaCr2O4-beta.cif	CaCr2O4-beta	betaCaCr2O4	betaCaCr2O4			Ca Cr2 O4	cacr2o4-beta | betacacr2o4 | betacacr2o4 | ca cr2 o4 | ceramics | ceramics/cacr2o4-beta.cif
Ceramics	Ceramics/CaH2S2O8.cif	CaH2S2O8.cif	CaH2S2O8	CaH2S2O8	CaH2S2O8			Ca H2 (SO4)2	cah2s2o8 | cah2s2o8 | cah2s2o8 | ca h2 (so4)2 | ceramics | ceramics/cah2s2o8.cif
Ceramics	Ceramics/CalciumAluminiumNitrateHydroxideHydrate.cif	CalciumAluminiumNitrateHydroxideHydrate.cif	CalciumAluminiumNitrateHydroxideHydrate	CalciumAluminumNitrateHydroxideHydrate	CalciumAluminumNitrateHydroxideHydrate			Ca2 Al ( N O3 ) ( O H )6 ( H2 O )	calciumaluminiumnitratehydroxidehydrate | calciumaluminumnitratehydroxidehydrate | calciumaluminumnitratehydroxidehydrate | ca2 al ( n o3 ) ( o h )6 ( h2 o ) | ceramics | ceramics/calciumaluminiumnitratehydroxidehydrate.cif
Ceramics	Ceramics/CaN2O6.cif	CaN2O6.cif	CaN2O6	CaN2O6	CaN2O6			Ca (NO3)2	can2o6 | can2o6 | can2o6 | ca (no3)2 | ceramics | ceramics/can2o6.cif
Ceramics	Ceramics/CaS.cif	CaS.cif	CaS	CaS	CaS			Ca S	cas | cas | cas | ca s | ceramics | ceramics/cas.cif
Ceramics	Ceramics/CaSiO3H2O.cif	CaSiO3H2O.cif	CaSiO3H2O	CaSiO3H2O	CaSiO3H2O			Ca Si O3 ( H2 O )	casio3h2o | casio3h2o | casio3h2o | ca si o3 ( h2 o ) | ceramics | ceramics/casio3h2o.cif
Ceramics	Ceramics/CeO2.cif	CeO2.cif	CeO2	CeriumOxide	CeriumOxide			?	ceo2 | ceriumoxide | ceriumoxide | ? | ceramics | ceramics/ceo2.cif
Ceramics	Ceramics/CoFe2O4.cif	CoFe2O4.cif	CoFe2O4	CoFe2O4	CoFe2O4			Fe2 Co O4	cofe2o4 | cofe2o4 | cofe2o4 | fe2 co o4 | ceramics | ceramics/cofe2o4.cif
Ceramics	Ceramics/CoO.cif	CoO.cif	CoO	CoO	CoO			Co O	coo | coo | coo | co o | ceramics | ceramics/coo.cif
Ceramics	Ceramics/CoO2.cif	CoO2.cif	CoO2	CoO2	CoO2			Co O2	coo2 | coo2 | coo2 | co o2 | ceramics | ceramics/coo2.cif
Ceramics	Ceramics/CoOH2.cif	CoOH2.cif	CoOH2	Cobalt_Hydroxide	Cobalt_Hydroxide			Co ( O H )2	cooh2 | cobalt_hydroxide | cobalt_hydroxide | co ( o h )2 | ceramics | ceramics/cooh2.cif
Ceramics	Ceramics/Cr2O3.cif	Cr2O3.cif	Cr2O3	Eskolaite	Eskolaite			Cr2 O3	cr2o3 | eskolaite | eskolaite | cr2 o3 | ceramics | ceramics/cr2o3.cif
Ceramics	Ceramics/Cu2O.cif	Cu2O.cif	Cu2O	Cuprite	Cuprite			Cu2 O	cu2o | cuprite | cuprite | cu2 o | ceramics | ceramics/cu2o.cif
Ceramics	Ceramics/Cu2S.cif	Cu2S.cif	Cu2S	Cu2S	Cu2S			Cu1.75 S	cu2s | cu2s | cu2s | cu1.75 s | ceramics | ceramics/cu2s.cif
Ceramics	Ceramics/Cu3F2F12-12Hydrate.cif	Cu3F2F12-12Hydrate.cif	Cu3F2F12-12Hydrate	Cu3F2F12Hydrate	Cu3F2F12Hydrate			Cu3 Fe2 F12 ( H2 O )12	cu3f2f12-12hydrate | cu3f2f12hydrate | cu3f2f12hydrate | cu3 fe2 f12 ( h2 o )12 | ceramics | ceramics/cu3f2f12-12hydrate.cif
Ceramics	Ceramics/CuCrO4.cif	CuCrO4.cif	CuCrO4	CopperChromate	CopperChromate			CuCrO4	cucro4 | copperchromate | copperchromate | cucro4 | ceramics | ceramics/cucro4.cif
Ceramics	Ceramics/CuF2.cif	CuF2.cif	CuF2	CopperFluoride	CopperFluoride			Cu F2	cuf2 | copperfluoride | copperfluoride | cu f2 | ceramics | ceramics/cuf2.cif
Ceramics	Ceramics/CuO.cif	CuO.cif	CuO	CuO	CuO			Cu O	cuo | cuo | cuo | cu o | ceramics | ceramics/cuo.cif
Ceramics	Ceramics/CuS2.cif	CuS2.cif	CuS2	CuS2	CuS2			Cu S2	cus2 | cus2 | cus2 | cu s2 | ceramics | ceramics/cus2.cif
Ceramics	Ceramics/CuSO4.cif	CuSO4.cif	CuSO4	CuSO4	CuSO4			Cu ( S O4 )	cuso4 | cuso4 | cuso4 | cu ( s o4 ) | ceramics | ceramics/cuso4.cif
Ceramics	Ceramics/Fe3Si2O5_OH4.cif	Fe3Si2O5_OH4.cif	Fe3Si2O5_OH4	Fe3Si2O5OH4	Fe3Si2O5OH4			Fe3 Si2 O5 ( O H )4	fe3si2o5_oh4 | fe3si2o5oh4 | fe3si2o5oh4 | fe3 si2 o5 ( o h )4 | ceramics | ceramics/fe3si2o5_oh4.cif
Ceramics	Ceramics/FeCO3.cif	FeCO3.cif	FeCO3	FeCO3	FeCO3			Fe ( C O3 )	feco3 | feco3 | feco3 | fe ( c o3 ) | ceramics | ceramics/feco3.cif
Ceramics	Ceramics/FeF3-o.cif	FeF3-o.cif	FeF3-o	FeF3o	FeF3o			Fe F3	fef3-o | fef3o | fef3o | fe f3 | ceramics | ceramics/fef3-o.cif
Ceramics	Ceramics/FeF3-t.cif	FeF3-t.cif	FeF3-t	FeF3t	FeF3t			Fe F3	fef3-t | fef3t | fef3t | fe f3 | ceramics | ceramics/fef3-t.cif
Ceramics	Ceramics/HCu2FeF8_H2O10.cif	HCu2FeF8_H2O10.cif	HCu2FeF8_H2O10	HydrogenCopperIronFluorideHydrate	HydrogenCopperIronFluorideHydrate			H Cu2 Fe F8 ( H2 O )10	hcu2fef8_h2o10 | hydrogencopperironfluoridehydrate | hydrogencopperironfluoridehydrate | h cu2 fe f8 ( h2 o )10 | ceramics | ceramics/hcu2fef8_h2o10.cif
Ceramics	Ceramics/HHP.cif	HHP.cif	HHP	HydrogenHydraziniumPhosphate	HydrogenHydraziniumPhosphate			H4 (NH3)2 (PO4)2	hhp | hydrogenhydraziniumphosphate | hydrogenhydraziniumphosphate | h4 (nh3)2 (po4)2 | ceramics | ceramics/hhp.cif
Ceramics	Ceramics/HNaP.cif	HNaP.cif	HNaP	HNaP	HNaP			Na3 H (PO4)3	hnap | hnap | hnap | na3 h (po4)3 | ceramics | ceramics/hnap.cif
Ceramics	Ceramics/HydrogenCopperIronFluorideHydrate.cif	HydrogenCopperIronFluorideHydrate.cif	HydrogenCopperIronFluorideHydrate	HydrogenCopperIronFluorideHydrate	HydrogenCopperIronFluorideHydrate			H Cu2 Fe F8 ( H2 O )10	hydrogencopperironfluoridehydrate | hydrogencopperironfluoridehydrate | hydrogencopperironfluoridehydrate | h cu2 fe f8 ( h2 o )10 | ceramics | ceramics/hydrogencopperironfluoridehydrate.cif
Ceramics	Ceramics/In2S3.cif	In2S3.cif	In2S3	Indiumsulfide	Indiumsulfide			In2 S3	in2s3 | indiumsulfide | indiumsulfide | in2 s3 | ceramics | ceramics/in2s3.cif
Ceramics	Ceramics/KCl.cif	KCl.cif	KCl	KCl	KCl			KCl	kcl | kcl | kcl | kcl | ceramics | ceramics/kcl.cif
Ceramics	Ceramics/KNO3.cif	KNO3.cif	KNO3	KNO3	KNO3			K ( N O3 )	kno3 | kno3 | kno3 | k ( n o3 ) | ceramics | ceramics/kno3.cif
Ceramics	Ceramics/La2B8O15.cif	La2B8O15.cif	La2B8O15	LanthanumBorate	LanthanumBorate			La2 B8 O15	la2b8o15 | lanthanumborate | lanthanumborate | la2 b8 o15 | ceramics | ceramics/la2b8o15.cif
Ceramics	Ceramics/La2O3.cif	La2O3.cif	La2O3	LanthanumOxide	LanthanumOxide			La2 O3	la2o3 | lanthanumoxide | lanthanumoxide | la2 o3 | ceramics | ceramics/la2o3.cif
Ceramics	Ceramics/La4B10O21.cif	La4B10O21.cif	La4B10O21	LanthanumBorate	LanthanumBorate			La4 B10 O21	la4b10o21 | lanthanumborate | lanthanumborate | la4 b10 o21 | ceramics | ceramics/la4b10o21.cif
Ceramics	Ceramics/La4B14O27.cif	La4B14O27.cif	La4B14O27	BoronLanthanumOxide	BoronLanthanumOxide			La4 B14 O27	la4b14o27 | boronlanthanumoxide | boronlanthanumoxide | la4 b14 o27 | ceramics | ceramics/la4b14o27.cif
Ceramics	Ceramics/LaB3O6.cif	LaB3O6.cif	LaB3O6	BoronLanthanumOxide	BoronLanthanumOxide			La B3 O6	lab3o6 | boronlanthanumoxide | boronlanthanumoxide | la b3 o6 | ceramics | ceramics/lab3o6.cif
Ceramics	Ceramics/LaB6.cif	LaB6.cif	LaB6	LaB6	LaB6			La B6	lab6 | lab6 | lab6 | la b6 | ceramics | ceramics/lab6.cif
Ceramics	Ceramics/LaBO3.cif	LaBO3.cif	LaBO3	LanthanumBorate	LanthanumBorate			La ( B O3 )	labo3 | lanthanumborate | lanthanumborate | la ( b o3 ) | ceramics | ceramics/labo3.cif
Ceramics	Ceramics/LaO.cif	LaO.cif	LaO	LanthanumOxide	LanthanumOxide			La O	lao | lanthanumoxide | lanthanumoxide | la o | ceramics | ceramics/lao.cif
Ceramics	Ceramics/LiF.cif	LiF.cif	LiF	LiF	LiF			Li F	lif | lif | lif | li f | ceramics | ceramics/lif.cif
Ceramics	Ceramics/MgCl2_6H2O.cif	MgCl2_6H2O.cif	MgCl2_6H2O	MgCl26H2O	MgCl26H2O			Cl2 H12 Mg O6	mgcl2_6h2o | mgcl26h2o | mgcl26h2o | cl2 h12 mg o6 | ceramics | ceramics/mgcl2_6h2o.cif
Ceramics	Ceramics/MgSO4_7H2O.cif	MgSO4_7H2O.cif	MgSO4_7H2O	Epsomite	Epsomite			Mg ( S O4 ) ( H2 O )7	mgso4_7h2o | epsomite | epsomite | mg ( s o4 ) ( h2 o )7 | ceramics | ceramics/mgso4_7h2o.cif
Ceramics	Ceramics/MgSO4_alpha.cif	MgSO4_alpha.cif	MgSO4_alpha	alphaMgSO4	alphaMgSO4			Mg ( S O4 )	mgso4_alpha | alphamgso4 | alphamgso4 | mg ( s o4 ) | ceramics | ceramics/mgso4_alpha.cif
Ceramics	Ceramics/MgSO4_beta.cif	MgSO4_beta.cif	MgSO4_beta	betaMgSO4	betaMgSO4			Mg ( S O4 )	mgso4_beta | betamgso4 | betamgso4 | mg ( s o4 ) | ceramics | ceramics/mgso4_beta.cif
Ceramics	Ceramics/Mo3Fe0_1Ni1_9N.cif	Mo3Fe0_1Ni1_9N.cif	Mo3Fe0_1Ni1_9N	MolybdenumIronNickelNitride	MolybdenumIronNickelNitride			Mo3 Fe0.1 Ni1.9 N	mo3fe0_1ni1_9n | molybdenumironnickelnitride | molybdenumironnickelnitride | mo3 fe0.1 ni1.9 n | ceramics | ceramics/mo3fe0_1ni1_9n.cif
Ceramics	Ceramics/Mo3Ni2N.cif	Mo3Ni2N.cif	Mo3Ni2N	MolybdenumNickelNitride	MolybdenumNickelNitride			Mo3 Ni2 N	mo3ni2n | molybdenumnickelnitride | molybdenumnickelnitride | mo3 ni2 n | ceramics | ceramics/mo3ni2n.cif
Ceramics	Ceramics/MoNi.cif	MoNi.cif	MoNi	MoNi	MoNi			Mo0.5 Ni0.5	moni | moni | moni | mo0.5 ni0.5 | ceramics | ceramics/moni.cif
Ceramics	Ceramics/MoNi3.cif	MoNi3.cif	MoNi3	MoNi3	MoNi3			Mo Ni3	moni3 | moni3 | moni3 | mo ni3 | ceramics | ceramics/moni3.cif
Ceramics	Ceramics/MoNi4.cif	MoNi4.cif	MoNi4	MoNi4	MoNi4			Mo Ni4	moni4 | moni4 | moni4 | mo ni4 | ceramics | ceramics/moni4.cif
Ceramics	Ceramics/Na1p3Al11O17p15.cif	Na1p3Al11O17p15.cif	Na1p3Al11O17p15	SodiumAluminumOxide	SodiumAluminumOxide			Na1.3 Al11 O17.15	na1p3al11o17p15 | sodiumaluminumoxide | sodiumaluminumoxide | na1.3 al11 o17.15 | ceramics | ceramics/na1p3al11o17p15.cif
Ceramics	Ceramics/Na1p77Al11O17.cif	Na1p77Al11O17.cif	Na1p77Al11O17	SodiumAluminumOxide	SodiumAluminumOxide			Na1.77 Al11 O17	na1p77al11o17 | sodiumaluminumoxide | sodiumaluminumoxide | na1.77 al11 o17 | ceramics | ceramics/na1p77al11o17.cif
Ceramics	Ceramics/Na2CaSiO4.cif	Na2CaSiO4.cif	Na2CaSiO4	SodiumCalciumSilicate	SodiumCalciumSilicate			Na2 Ca Si O4	na2casio4 | sodiumcalciumsilicate | sodiumcalciumsilicate | na2 ca si o4 | ceramics | ceramics/na2casio4.cif
Ceramics	Ceramics/Na2Cu4S3.cif	Na2Cu4S3.cif	Na2Cu4S3	Na2Cu4S3	Na2Cu4S3			Na2 Cu4 S3	na2cu4s3 | na2cu4s3 | na2cu4s3 | na2 cu4 s3 | ceramics | ceramics/na2cu4s3.cif
Ceramics	Ceramics/Na2SO4.cif	Na2SO4.cif	Na2SO4	Na2SO4	Na2SO4			Na2 ( S O4 )	na2so4 | na2so4 | na2so4 | na2 ( s o4 ) | ceramics | ceramics/na2so4.cif
Ceramics	Ceramics/Na3Al22O34.cif	Na3Al22O34.cif	Na3Al22O34	SodiumAluminumOxide	SodiumAluminumOxide			Na3 Al22 O34	na3al22o34 | sodiumaluminumoxide | sodiumaluminumoxide | na3 al22 o34 | ceramics | ceramics/na3al22o34.cif
Ceramics	Ceramics/Na4_4Ca3_8Si6O18.cif	Na4_4Ca3_8Si6O18.cif	Na4_4Ca3_8Si6O18	SodiumCalciumSilicate	SodiumCalciumSilicate			Na4.4 Ca3.8 ( Si6 O18 )	na4_4ca3_8si6o18 | sodiumcalciumsilicate | sodiumcalciumsilicate | na4.4 ca3.8 ( si6 o18 ) | ceramics | ceramics/na4_4ca3_8si6o18.cif
Ceramics	Ceramics/Na4Cu2S3.cif	Na4Cu2S3.cif	Na4Cu2S3	Na4Cu2S3	Na4Cu2S3			Na4 Cu2 S3	na4cu2s3 | na4cu2s3 | na4cu2s3 | na4 cu2 s3 | ceramics | ceramics/na4cu2s3.cif
Ceramics	Ceramics/Na5_27Ca3Si6O18.cif	Na5_27Ca3Si6O18.cif	Na5_27Ca3Si6O18	SodiumCalciumSilicate	SodiumCalciumSilicate			Na5.27 Ca3 ( Si6 O18 )	na5_27ca3si6o18 | sodiumcalciumsilicate | sodiumcalciumsilicate | na5.27 ca3 ( si6 o18 ) | ceramics | ceramics/na5_27ca3si6o18.cif
Ceramics	Ceramics/Na7Cu12S10.cif	Na7Cu12S10.cif	Na7Cu12S10	Na7Cu12S10	Na7Cu12S10			Na7 Cu12 S10	na7cu12s10 | na7cu12s10 | na7cu12s10 | na7 cu12 s10 | ceramics | ceramics/na7cu12s10.cif
Ceramics	Ceramics/Na8Al6SiO4_6Cl2.cif	Na8Al6SiO4_6Cl2.cif	Na8Al6SiO4_6Cl2	SodiumAluminumChlorideSilicate	SodiumAluminumChlorideSilicate			Na8 Al6 (Si O4)6 Cl2	na8al6sio4_6cl2 | sodiumaluminumchloridesilicate | sodiumaluminumchloridesilicate | na8 al6 (si o4)6 cl2 | ceramics | ceramics/na8al6sio4_6cl2.cif
Ceramics	Ceramics/NaAl11O17.cif	NaAl11O17.cif	NaAl11O17	SodiumAluminumOxide	SodiumAluminumOxide			Na Al11 O17	naal11o17 | sodiumaluminumoxide | sodiumaluminumoxide | na al11 o17 | ceramics | ceramics/naal11o17.cif
Ceramics	Ceramics/NaAlSiO4.cif	NaAlSiO4.cif	NaAlSiO4	NaAlSiO4	NaAlSiO4			Na Al (Si O4)	naalsio4 | naalsio4 | naalsio4 | na al (si o4) | ceramics | ceramics/naalsio4.cif
Ceramics	Ceramics/NaFeFeCN_ICSD_15560.cif	NaFeFeCN_ICSD_15560.cif	NaFeFeCN_ICSD_15560	Sodiumironhexacyanoferratehydrate	Sodiumironhexacyanoferratehydrate			C6 Fe2 N6 Na1.88	nafefecn_icsd_15560 | sodiumironhexacyanoferratehydrate | sodiumironhexacyanoferratehydrate | c6 fe2 n6 na1.88 | ceramics | ceramics/nafefecn_icsd_15560.cif
Ceramics	Ceramics/NaHSO4.cif	NaHSO4.cif	NaHSO4	SodiumHydrogenSulfate	SodiumHydrogenSulfate			Na H S O4	nahso4 | sodiumhydrogensulfate | sodiumhydrogensulfate | na h s o4 | ceramics | ceramics/nahso4.cif
Ceramics	Ceramics/NaNitrate.cif	NaNitrate.cif	NaNitrate	NaNO3	NaNO3			Na ( N O3 )	nanitrate | nano3 | nano3 | na ( n o3 ) | ceramics | ceramics/nanitrate.cif
Ceramics	Ceramics/NaYF4.cif	NaYF4.cif	NaYF4	NaYF4	NaYF4			Na Y F4	nayf4 | nayf4 | nayf4 | na y f4 | ceramics | ceramics/nayf4.cif
Ceramics	Ceramics/Nb095O175F125.cif	Nb095O175F125.cif	Nb095O175F125	NiobiumOxideFluoride	NiobiumOxideFluoride			Nb0.95 O1.75 F1.25	nb095o175f125 | niobiumoxidefluoride | niobiumoxidefluoride | nb0.95 o1.75 f1.25 | ceramics | ceramics/nb095o175f125.cif
Ceramics	Ceramics/Nb2O2F3.cif	Nb2O2F3.cif	Nb2O2F3	NiobiumOxideFluoride	NiobiumOxideFluoride			Nb2 O2 F3	nb2o2f3 | niobiumoxidefluoride | niobiumoxidefluoride | nb2 o2 f3 | ceramics | ceramics/nb2o2f3.cif
Ceramics	Ceramics/Nb3O7F.cif	Nb3O7F.cif	Nb3O7F	NiobiumOxideFluoride	NiobiumOxideFluoride			Nb3 O7 F	nb3o7f | niobiumoxidefluoride | niobiumoxidefluoride | nb3 o7 f | ceramics | ceramics/nb3o7f.cif
Ceramics	Ceramics/Nb9PO25.cif	Nb9PO25.cif	Nb9PO25	NiobiumPhosphorusOxide	NiobiumPhosphorusOxide			Nb9 P O25	nb9po25 | niobiumphosphorusoxide | niobiumphosphorusoxide | nb9 p o25 | ceramics | ceramics/nb9po25.cif
Ceramics	Ceramics/NbO02F2_8.cif	NbO02F2_8.cif	NbO02F2_8	NiobiumOxideFluoride	NiobiumOxideFluoride			Nb O0.2 F2.8	nbo02f2_8 | niobiumoxidefluoride | niobiumoxidefluoride | nb o0.2 f2.8 | ceramics | ceramics/nbo02f2_8.cif
Ceramics	Ceramics/NbO04F2_6.cif	NbO04F2_6.cif	NbO04F2_6	NiobiumOxideFluoride	NiobiumOxideFluoride			Nb O0.4 F2.6	nbo04f2_6 | niobiumoxidefluoride | niobiumoxidefluoride | nb o0.4 f2.6 | ceramics | ceramics/nbo04f2_6.cif
Ceramics	Ceramics/NbO2.cif	NbO2.cif	NbO2	NiobiumOxide	NiobiumOxide			Nb O2	nbo2 | niobiumoxide | niobiumoxide | nb o2 | ceramics | ceramics/nbo2.cif
Ceramics	Ceramics/NbO2F.cif	NbO2F.cif	NbO2F	NiobiumOxideFluoride	NiobiumOxideFluoride			Nb O2 F	nbo2f | niobiumoxidefluoride | niobiumoxidefluoride | nb o2 f | ceramics | ceramics/nbo2f.cif
Ceramics	Ceramics/NbOF3.cif	NbOF3.cif	NbOF3	NiobiumOxideFluoride	NiobiumOxideFluoride			Nb O F3	nbof3 | niobiumoxidefluoride | niobiumoxidefluoride | nb o f3 | ceramics | ceramics/nbof3.cif
Ceramics	Ceramics/NbPO4O.cif	NbPO4O.cif	NbPO4O	NiobiumPhosphateOxide	NiobiumPhosphateOxide			Nb ( P O4 ) O	nbpo4o | niobiumphosphateoxide | niobiumphosphateoxide | nb ( p o4 ) o | ceramics | ceramics/nbpo4o.cif
Ceramics	Ceramics/Ni-Nitrate.cif	Ni-Nitrate.cif	Ni-Nitrate	NiNitrate	NiNitrate			Ni (NO3)2	ni-nitrate | ninitrate | ninitrate | ni (no3)2 | ceramics | ceramics/ni-nitrate.cif
Ceramics	Ceramics/Ni-Nitrate-2Hydrate.cif	Ni-Nitrate-2Hydrate.cif	Ni-Nitrate-2Hydrate	NiNitrate2Hydrate	NiNitrate2Hydrate			Ni (NO3)2 (H2O)2	ni-nitrate-2hydrate | ninitrate2hydrate | ninitrate2hydrate | ni (no3)2 (h2o)2 | ceramics | ceramics/ni-nitrate-2hydrate.cif
Ceramics	Ceramics/Ni-Nitrate-4Hydrate.cif	Ni-Nitrate-4Hydrate.cif	Ni-Nitrate-4Hydrate	NiNitrate4Hydrate	NiNitrate4Hydrate			Ni (NO3)2 (H2O)4	ni-nitrate-4hydrate | ninitrate4hydrate | ninitrate4hydrate | ni (no3)2 (h2o)4 | ceramics | ceramics/ni-nitrate-4hydrate.cif
Ceramics	Ceramics/Ni-Nitrate-6Hydrate.cif	Ni-Nitrate-6Hydrate.cif	Ni-Nitrate-6Hydrate	NiNitrate6Hydrate	NiNitrate6Hydrate			Ni (NO3)2 (H2O)6	ni-nitrate-6hydrate | ninitrate6hydrate | ninitrate6hydrate | ni (no3)2 (h2o)6 | ceramics | ceramics/ni-nitrate-6hydrate.cif
Ceramics	Ceramics/Ni2SiO4.cif	Ni2SiO4.cif	Ni2SiO4	NickelSilicate	NickelSilicate			Ni2 ( Si O4 )	ni2sio4 | nickelsilicate | nickelsilicate | ni2 ( si o4 ) | ceramics | ceramics/ni2sio4.cif
Ceramics	Ceramics/NiAl2O4.cif	NiAl2O4.cif	NiAl2O4	NiAl2O4	NiAl2O4			Ni Al2 O4	nial2o4 | nial2o4 | nial2o4 | ni al2 o4 | ceramics | ceramics/nial2o4.cif
Ceramics	Ceramics/NiFe2O4.cif	NiFe2O4.cif	NiFe2O4	NiFe2O4	NiFe2O4			Ni Fe2 O4	nife2o4 | nife2o4 | nife2o4 | ni fe2 o4 | ceramics | ceramics/nife2o4.cif
Ceramics	Ceramics/NiO.cif	NiO.cif	NiO	NiO	NiO			Ni O	nio | nio | nio | ni o | ceramics | ceramics/nio.cif
Ceramics	Ceramics/NiO_cubic.cif	NiO_cubic.cif	NiO_cubic	NiO_cubic	NiO_cubic			Ni O	nio_cubic | nio_cubic | nio_cubic | ni o | ceramics | ceramics/nio_cubic.cif
Ceramics	Ceramics/NiOH2.cif	NiOH2.cif	NiOH2	Theophrastite	Theophrastite			Ni ( O H )2	nioh2 | theophrastite | theophrastite | ni ( o h )2 | ceramics | ceramics/nioh2.cif
Ceramics	Ceramics/Sr-Hydroxide.cif	Sr-Hydroxide.cif	Sr-Hydroxide	StrontiumHydroxide	StrontiumHydroxide			Sr ( O H )2	sr-hydroxide | strontiumhydroxide | strontiumhydroxide | sr ( o h )2 | ceramics | ceramics/sr-hydroxide.cif
Ceramics	Ceramics/Sr-Hydroxide-1hydrate.cif	Sr-Hydroxide-1hydrate.cif	Sr-Hydroxide-1hydrate	StrontiumHydroxide1Hydrate	StrontiumHydroxide1Hydrate			Sr ( O H )2 ( H2 O )	sr-hydroxide-1hydrate | strontiumhydroxide1hydrate | strontiumhydroxide1hydrate | sr ( o h )2 ( h2 o ) | ceramics | ceramics/sr-hydroxide-1hydrate.cif
Ceramics	Ceramics/Sr-Hydroxide-8hydrate.cif	Sr-Hydroxide-8hydrate.cif	Sr-Hydroxide-8hydrate	StrontiumHydroxide8Hydrate	StrontiumHydroxide8Hydrate			Sr ( O H )2 ( H2 O )8	sr-hydroxide-8hydrate | strontiumhydroxide8hydrate | strontiumhydroxide8hydrate | sr ( o h )2 ( h2 o )8 | ceramics | ceramics/sr-hydroxide-8hydrate.cif
Ceramics	Ceramics/Sr-Nitrate.cif	Sr-Nitrate.cif	Sr-Nitrate	StrontiumNitrate	StrontiumNitrate			Sr ( N O3 )2	sr-nitrate | strontiumnitrate | strontiumnitrate | sr ( n o3 )2 | ceramics | ceramics/sr-nitrate.cif
Ceramics	Ceramics/SrCaCO3.cif	SrCaCO3.cif	SrCaCO3	SrCaCO3	SrCaCO3			Sr0.5 Ca0.5 ( C O3 )	srcaco3 | srcaco3 | srcaco3 | sr0.5 ca0.5 ( c o3 ) | ceramics | ceramics/srcaco3.cif
Ceramics	Ceramics/SrCl2.cif	SrCl2.cif	SrCl2	Strontiumchloride	Strontiumchloride			Cl2 Sr	srcl2 | strontiumchloride | strontiumchloride | cl2 sr | ceramics | ceramics/srcl2.cif
Ceramics	Ceramics/SrCl2H2O.cif	SrCl2H2O.cif	SrCl2H2O	StrontiumChlorideHydrate	StrontiumChlorideHydrate			Sr Cl2 ( H2 O )	srcl2h2o | strontiumchloridehydrate | strontiumchloridehydrate | sr cl2 ( h2 o ) | ceramics | ceramics/srcl2h2o.cif
Ceramics	Ceramics/SrCl2H4O2.cif	SrCl2H4O2.cif	SrCl2H4O2	StrontiumChlorideHydrate	StrontiumChlorideHydrate			Sr Cl2 ( H2 O )2	srcl2h4o2 | strontiumchloridehydrate | strontiumchloridehydrate | sr cl2 ( h2 o )2 | ceramics | ceramics/srcl2h4o2.cif
Ceramics	Ceramics/SrF2.cif	SrF2.cif	SrF2	SrF2	SrF2			Sr F2	srf2 | srf2 | srf2 | sr f2 | ceramics | ceramics/srf2.cif
Ceramics	Ceramics/SrFeO3.cif	SrFeO3.cif	SrFeO3	StrontiumIronOxide	StrontiumIronOxide			Sr Fe O3	srfeo3 | strontiumironoxide | strontiumironoxide | sr fe o3 | ceramics | ceramics/srfeo3.cif
Ceramics	Ceramics/SrO.cif	SrO.cif	SrO	StrontiumOxide	StrontiumOxide			Sr O	sro | strontiumoxide | strontiumoxide | sr o | ceramics | ceramics/sro.cif
Ceramics	Ceramics/SrO2.cif	SrO2.cif	SrO2	StrontiumDioxide	StrontiumDioxide			Sr O2	sro2 | strontiumdioxide | strontiumdioxide | sr o2 | ceramics | ceramics/sro2.cif
Ceramics	Ceramics/SrTiO3.cif	SrTiO3.cif	SrTiO3	StrontiumTitaniumOxide	StrontiumTitaniumOxide			Sr Ti O3	srtio3 | strontiumtitaniumoxide | strontiumtitaniumoxide | sr ti o3 | ceramics | ceramics/srtio3.cif
Ceramics	Ceramics/SrZrO3.cif	SrZrO3.cif	SrZrO3	StrontiumZirconiumOxide	StrontiumZirconiumOxide			Sr Zr O3	srzro3 | strontiumzirconiumoxide | strontiumzirconiumoxide | sr zr o3 | ceramics | ceramics/srzro3.cif
Ceramics	Ceramics/Ti2O.cif	Ti2O.cif	Ti2O	Ti2O	Ti2O			Ti2 O	ti2o | ti2o | ti2o | ti2 o | ceramics | ceramics/ti2o.cif
Ceramics	Ceramics/Ti3AlOxide.cif	Ti3AlOxide.cif	Ti3AlOxide	Ti3AlOxide	Ti3AlOxide			Ti3 Al O0.31	ti3aloxide | ti3aloxide | ti3aloxide | ti3 al o0.31 | ceramics | ceramics/ti3aloxide.cif
Ceramics	Ceramics/Ti3O.cif	Ti3O.cif	Ti3O	Ti3O	Ti3O			Ti3 O	ti3o | ti3o | ti3o | ti3 o | ceramics | ceramics/ti3o.cif
Ceramics	Ceramics/Ti6O.cif	Ti6O.cif	Ti6O	Ti6O	Ti6O			Ti6 O	ti6o | ti6o | ti6o | ti6 o | ceramics | ceramics/ti6o.cif
Ceramics	Ceramics/TiN.cif	TiN.cif	TiN	TiN	TiN			Ti N	tin | tin | tin | ti n | ceramics | ceramics/tin.cif
Ceramics	Ceramics/W2C.cif	W2C.cif	W2C	W2C	W2C			W2 C	w2c | w2c | w2c | w2 c | ceramics | ceramics/w2c.cif
Ceramics	Ceramics/WC.cif	WC.cif	WC	WC	WC			W C	wc | wc | wc | w c | ceramics | ceramics/wc.cif
Ceramics	Ceramics/WO3-nonambient.cif	WO3-nonambient.cif	WO3-nonambient	TungstenOxide	TungstenOxide			W O3	wo3-nonambient | tungstenoxide | tungstenoxide | w o3 | ceramics | ceramics/wo3-nonambient.cif
Ceramics	Ceramics/Y050Hf050O175.cif	Y050Hf050O175.cif	Y050Hf050O175	YttriumHafniumOxide	YttriumHafniumOxide			Y0.5 Hf0.5 O1.75	y050hf050o175 | yttriumhafniumoxide | yttriumhafniumoxide | y0.5 hf0.5 o1.75 | ceramics | ceramics/y050hf050o175.cif
Ceramics	Ceramics/Y050Nb050O2.cif	Y050Nb050O2.cif	Y050Nb050O2	YttriumNiobiumOxide	YttriumNiobiumOxide			Y0.5 Nb0.5 O2	y050nb050o2 | yttriumniobiumoxide | yttriumniobiumoxide | y0.5 nb0.5 o2 | ceramics | ceramics/y050nb050o2.cif
Ceramics	Ceramics/ZnAl2O4.cif	ZnAl2O4.cif	ZnAl2O4	ZnAl2O4	ZnAl2O4			Zn Al2 O4	znal2o4 | znal2o4 | znal2o4 | zn al2 o4 | ceramics | ceramics/znal2o4.cif
Ceramics	Ceramics/ZnFe2O4.cif	ZnFe2O4.cif	ZnFe2O4	ZnFe2O4	ZnFe2O4			Zn Fe2 O4	znfe2o4 | znfe2o4 | znfe2o4 | zn fe2 o4 | ceramics | ceramics/znfe2o4.cif
Ceramics	Ceramics/ZnO.cif	ZnO.cif	ZnO	ZnO	ZnO			Zn O	zno | zno | zno | zn o | ceramics | ceramics/zno.cif
Ceramics	Ceramics/Zr073Fe027O185.cif	Zr073Fe027O185.cif	Zr073Fe027O185	IronZirconiumOxide	IronZirconiumOxide			Zr0.73 Fe0.27 O1.865	zr073fe027o185 | ironzirconiumoxide | ironzirconiumoxide | zr0.73 fe0.27 o1.865 | ceramics | ceramics/zr073fe027o185.cif
Ceramics	Ceramics/Zr3Y4O12.cif	Zr3Y4O12.cif	Zr3Y4O12	YttriumZirconiumOxide	YttriumZirconiumOxide			Zr3 Y4 O12	zr3y4o12 | yttriumzirconiumoxide | yttriumzirconiumoxide | zr3 y4 o12 | ceramics | ceramics/zr3y4o12.cif
Ceramics	Ceramics/Zr7O9F10.cif	Zr7O9F10.cif	Zr7O9F10	Zr7O9F10	Zr7O9F10			Zr7 O9 F10	zr7o9f10 | zr7o9f10 | zr7o9f10 | zr7 o9 f10 | ceramics | ceramics/zr7o9f10.cif
Ceramics	Ceramics/ZrB2.cif	ZrB2.cif	ZrB2	ZrB2	ZrB2			Zr B2	zrb2 | zrb2 | zrb2 | zr b2 | ceramics | ceramics/zrb2.cif
MarsMineralCompendium	MarsMineralCompendium/Akaganeite.cif	Akaganeite.cif	Akaganeite	Akaganeite	Akaganeite			Fe4 O8 Cl.675	akaganeite | akaganeite | akaganeite | fe4 o8 cl.675 | marsmineralcompendium | marsmineralcompendium/akaganeite.cif
MarsMineralCompendium	MarsMineralCompendium/Albite_1.cif	Albite_1.cif	Albite_1	Albite	Albite			Na Al Si3 O8	albite_1 | albite | albite | na al si3 o8 | marsmineralcompendium | marsmineralcompendium/albite_1.cif
MarsMineralCompendium	MarsMineralCompendium/Albite_2.cif	Albite_2.cif	Albite_2	Albite	Albite			Al Na O8 Si3	albite_2 | albite | albite | al na o8 si3 | marsmineralcompendium | marsmineralcompendium/albite_2.cif
MarsMineralCompendium	MarsMineralCompendium/Alunite_1.cif	Alunite_1.cif	Alunite_1	Alunite	Alunite			S2 Al2.967 O14.063 K.805 Na.132 H6	alunite_1 | alunite | alunite | s2 al2.967 o14.063 k.805 na.132 h6 | marsmineralcompendium | marsmineralcompendium/alunite_1.cif
MarsMineralCompendium	MarsMineralCompendium/Alunite_2.cif	Alunite_2.cif	Alunite_2	Alunite	Alunite			K.876 Na.071 H6.159 O14.053 Al2.964 S2	alunite_2 | alunite | alunite | k.876 na.071 h6.159 o14.053 al2.964 s2 | marsmineralcompendium | marsmineralcompendium/alunite_2.cif
MarsMineralCompendium	MarsMineralCompendium/Alunogen_1.cif	Alunogen_1.cif	Alunogen_1	Alunogen	Alunogen			S3 Al2 O29 H34	alunogen_1 | alunogen | alunogen | s3 al2 o29 h34 | marsmineralcompendium | marsmineralcompendium/alunogen_1.cif
MarsMineralCompendium	MarsMineralCompendium/Alunogen_2.cif	Alunogen_2.cif	Alunogen_2	Alunogen	Alunogen			Al2 S3 O28.4 H32.8	alunogen_2 | alunogen | alunogen | al2 s3 o28.4 h32.8 | marsmineralcompendium | marsmineralcompendium/alunogen_2.cif
MarsMineralCompendium	MarsMineralCompendium/Andesine_1.cif	Andesine_1.cif	Andesine_1	Andesine	Andesine			Ca.24 Na.26 (Al.735 Si1.265) O4	andesine_1 | andesine | andesine | ca.24 na.26 (al.735 si1.265) o4 | marsmineralcompendium | marsmineralcompendium/andesine_1.cif
MarsMineralCompendium	MarsMineralCompendium/Andesine_2.cif	Andesine_2.cif	Andesine_2	Andesine	Andesine			Ca.24 Na.26 (Al.735 Si1.265) O4	andesine_2 | andesine | andesine | ca.24 na.26 (al.735 si1.265) o4 | marsmineralcompendium | marsmineralcompendium/andesine_2.cif
MarsMineralCompendium	MarsMineralCompendium/Anhydrite_1.cif	Anhydrite_1.cif	Anhydrite_1	Anhydrite	Anhydrite			Ca S O4	anhydrite_1 | anhydrite | anhydrite | ca s o4 | marsmineralcompendium | marsmineralcompendium/anhydrite_1.cif
MarsMineralCompendium	MarsMineralCompendium/Anhydrite_2.cif	Anhydrite_2.cif	Anhydrite_2	Anhydrite	Anhydrite			Ca S O4	anhydrite_2 | anhydrite | anhydrite | ca s o4 | marsmineralcompendium | marsmineralcompendium/anhydrite_2.cif
MarsMineralCompendium	MarsMineralCompendium/Anorthite_1.cif	Anorthite_1.cif	Anorthite_1	Anorthite	Anorthite			Ca Si Al O4	anorthite_1 | anorthite | anorthite | ca si al o4 | marsmineralcompendium | marsmineralcompendium/anorthite_1.cif
MarsMineralCompendium	MarsMineralCompendium/Anorthite_2.cif	Anorthite_2.cif	Anorthite_2	Anorthite	Anorthite			Si2 Al2 Ca O8	anorthite_2 | anorthite | anorthite | si2 al2 ca o8 | marsmineralcompendium | marsmineralcompendium/anorthite_2.cif
MarsMineralCompendium	MarsMineralCompendium/Anorthite_3.cif	Anorthite_3.cif	Anorthite_3	Anorthite	Anorthite			Si2 Al2 Ca O8	anorthite_3 | anorthite | anorthite | si2 al2 ca o8 | marsmineralcompendium | marsmineralcompendium/anorthite_3.cif
MarsMineralCompendium	MarsMineralCompendium/Anorthite_4.cif	Anorthite_4.cif	Anorthite_4	Anorthite	Anorthite			Si Al Ca O4	anorthite_4 | anorthite | anorthite | si al ca o4 | marsmineralcompendium | marsmineralcompendium/anorthite_4.cif
MarsMineralCompendium	MarsMineralCompendium/Anorthite_5.cif	Anorthite_5.cif	Anorthite_5	Anorthite	Anorthite			Si Al Ca O4	anorthite_5 | anorthite | anorthite | si al ca o4 | marsmineralcompendium | marsmineralcompendium/anorthite_5.cif
MarsMineralCompendium	MarsMineralCompendium/Anorthoclase_1.cif	Anorthoclase_1.cif	Anorthoclase_1	Anorthoclase	Anorthoclase			(Al Si3) (Na.667 K.333) O8	anorthoclase_1 | anorthoclase | anorthoclase | (al si3) (na.667 k.333) o8 | marsmineralcompendium | marsmineralcompendium/anorthoclase_1.cif
MarsMineralCompendium	MarsMineralCompendium/Anorthoclase_2.cif	Anorthoclase_2.cif	Anorthoclase_2	Anorthoclase	Anorthoclase			(Al Si3) (Na.75 K.25) O8	anorthoclase_2 | anorthoclase | anorthoclase | (al si3) (na.75 k.25) o8 | marsmineralcompendium | marsmineralcompendium/anorthoclase_2.cif
MarsMineralCompendium	MarsMineralCompendium/Anorthoclase_3.cif	Anorthoclase_3.cif	Anorthoclase_3	Anorthoclase	Anorthoclase			(Al Si3) (Na.85 K.15) O8	anorthoclase_3 | anorthoclase | anorthoclase | (al si3) (na.85 k.15) o8 | marsmineralcompendium | marsmineralcompendium/anorthoclase_3.cif
MarsMineralCompendium	MarsMineralCompendium/Anorthoclase_4.cif	Anorthoclase_4.cif	Anorthoclase_4	Anorthoclase	Anorthoclase			Al K0.2 Na0.8 O8 Si3	anorthoclase_4 | anorthoclase | anorthoclase | al k0.2 na0.8 o8 si3 | marsmineralcompendium | marsmineralcompendium/anorthoclase_4.cif
MarsMineralCompendium	MarsMineralCompendium/AntarcticiteSr.cif	AntarcticiteSr.cif	AntarcticiteSr	AntarcticiteSr	AntarcticiteSr			Sr Cl2 O6	antarcticitesr | antarcticitesr | antarcticitesr | sr cl2 o6 | marsmineralcompendium | marsmineralcompendium/antarcticitesr.cif
MarsMineralCompendium	MarsMineralCompendium/Archerite_1.cif	Archerite_1.cif	Archerite_1	Archerite	Archerite			K H2 P O4	archerite_1 | archerite | archerite | k h2 p o4 | marsmineralcompendium | marsmineralcompendium/archerite_1.cif
MarsMineralCompendium	MarsMineralCompendium/Archerite_2.cif	Archerite_2.cif	Archerite_2	Archerite	Archerite			K P O4 H2	archerite_2 | archerite | archerite | k p o4 h2 | marsmineralcompendium | marsmineralcompendium/archerite_2.cif
MarsMineralCompendium	MarsMineralCompendium/Augite_1.cif	Augite_1.cif	Augite_1	Augite	Augite			Ca Mg.74 Fe.25 Si2 O6	augite_1 | augite | augite | ca mg.74 fe.25 si2 o6 | marsmineralcompendium | marsmineralcompendium/augite_1.cif
MarsMineralCompendium	MarsMineralCompendium/Augite_2.cif	Augite_2.cif	Augite_2	Augite	Augite			Na.09 Ca.616 Mg.902 Fe.21 Al.342 Ti.02 Si1.82 O6	augite_2 | augite | augite | na.09 ca.616 mg.902 fe.21 al.342 ti.02 si1.82 o6 | marsmineralcompendium | marsmineralcompendium/augite_2.cif
MarsMineralCompendium	MarsMineralCompendium/Barringerite.cif	Barringerite.cif	Barringerite	Barringerite	Barringerite			Fe2 P	barringerite | barringerite | barringerite | fe2 p | marsmineralcompendium | marsmineralcompendium/barringerite.cif
MarsMineralCompendium	MarsMineralCompendium/Bassanite_1.cif	Bassanite_1.cif	Bassanite_1	Bassanite	Bassanite			Ca2 S2 O9 H2	bassanite_1 | bassanite | bassanite | ca2 s2 o9 h2 | marsmineralcompendium | marsmineralcompendium/bassanite_1.cif
MarsMineralCompendium	MarsMineralCompendium/Bassanite_2.cif	Bassanite_2.cif	Bassanite_2	Bassanite	Bassanite			Ca2 S2 O9 H2	bassanite_2 | bassanite | bassanite | ca2 s2 o9 h2 | marsmineralcompendium | marsmineralcompendium/bassanite_2.cif
MarsMineralCompendium	MarsMineralCompendium/Biotite_1.cif	Biotite_1.cif	Biotite_1	Biotite	Biotite			Si2.856 Al1.369 (K.955 Ca.03 Na.015) Mg2.166 Cr.048 Fe.39 Mn.021 Ti.144 O12	biotite_1 | biotite | biotite | si2.856 al1.369 (k.955 ca.03 na.015) mg2.166 cr.048 fe.39 mn.021 ti.144 o12 | marsmineralcompendium | marsmineralcompendium/biotite_1.cif
MarsMineralCompendium	MarsMineralCompendium/Biotite_2.cif	Biotite_2.cif	Biotite_2	Biotite	Biotite			(Si2.908 Al1.092) K.952 Ca.006 Na.024 Mg2.424 Cr.024 Fe.282 Mn.015 Ti.177 O12	biotite_2 | biotite | biotite | (si2.908 al1.092) k.952 ca.006 na.024 mg2.424 cr.024 fe.282 mn.015 ti.177 o12 | marsmineralcompendium | marsmineralcompendium/biotite_2.cif
MarsMineralCompendium	MarsMineralCompendium/Biotite_3.cif	Biotite_3.cif	Biotite_3	Biotite	Biotite			Fe Mg2 K (Al Si3) O12 H2	biotite_3 | biotite | biotite | fe mg2 k (al si3) o12 h2 | marsmineralcompendium | marsmineralcompendium/biotite_3.cif
MarsMineralCompendium	MarsMineralCompendium/Biotite_4.cif	Biotite_4.cif	Biotite_4	Biotite	Biotite			Fe Mg2 K (Al Si3) O12 H2	biotite_4 | biotite | biotite | fe mg2 k (al si3) o12 h2 | marsmineralcompendium | marsmineralcompendium/biotite_4.cif
MarsMineralCompendium	MarsMineralCompendium/Biotite_5.cif	Biotite_5.cif	Biotite_5	Biotite	Biotite			Fe Mg2 K (Al Si3) O12	biotite_5 | biotite | biotite | fe mg2 k (al si3) o12 | marsmineralcompendium | marsmineralcompendium/biotite_5.cif
MarsMineralCompendium	MarsMineralCompendium/Bischofite.cif	Bischofite.cif	Bischofite	Bischofite	Bischofite			Mg Cl2 O6 H12	bischofite | bischofite | bischofite | mg cl2 o6 h12 | marsmineralcompendium | marsmineralcompendium/bischofite.cif
MarsMineralCompendium	MarsMineralCompendium/Bytownite.cif	Bytownite.cif	Bytownite	Bytownite	Bytownite			Ca.325 Na.16 (Si1.19 Al.81) O4	bytownite | bytownite | bytownite | ca.325 na.16 (si1.19 al.81) o4 | marsmineralcompendium | marsmineralcompendium/bytownite.cif
MarsMineralCompendium	MarsMineralCompendium/Carlsbergite.cif	Carlsbergite.cif	Carlsbergite	Carlsbergite	Carlsbergite			Cr N	carlsbergite | carlsbergite | carlsbergite | cr n | marsmineralcompendium | marsmineralcompendium/carlsbergite.cif
MarsMineralCompendium	MarsMineralCompendium/Celadonite_1.cif	Celadonite_1.cif	Celadonite_1	Celadonite	Celadonite			K Al2 Si4 O12 H2	celadonite_1 | celadonite | celadonite | k al2 si4 o12 h2 | marsmineralcompendium | marsmineralcompendium/celadonite_1.cif
MarsMineralCompendium	MarsMineralCompendium/Celadonite_2.cif	Celadonite_2.cif	Celadonite_2	Celadonite	Celadonite			K Al2 Si4 O12 H2	celadonite_2 | celadonite | celadonite | k al2 si4 o12 h2 | marsmineralcompendium | marsmineralcompendium/celadonite_2.cif
MarsMineralCompendium	MarsMineralCompendium/Celadonite_3.cif	Celadonite_3.cif	Celadonite_3	Celadonite	Celadonite			K.78 Ca.04 Mg.61 Fe1.39 (Si3.67 Al.33) O12 H2	celadonite_3 | celadonite | celadonite | k.78 ca.04 mg.61 fe1.39 (si3.67 al.33) o12 h2 | marsmineralcompendium | marsmineralcompendium/celadonite_3.cif
MarsMineralCompendium	MarsMineralCompendium/Celadonite_4.cif	Celadonite_4.cif	Celadonite_4	Celadonite	Celadonite			K (Fe1.22 Mg.78) Si4 O12 H2	celadonite_4 | celadonite | celadonite | k (fe1.22 mg.78) si4 o12 h2 | marsmineralcompendium | marsmineralcompendium/celadonite_4.cif
MarsMineralCompendium	MarsMineralCompendium/Chamosite_1.cif	Chamosite_1.cif	Chamosite_1	Chamosite	Chamosite			(Mg2.518 Fe2.482) Al1.2 Si3.8 O18 H10	chamosite_1 | chamosite | chamosite | (mg2.518 fe2.482) al1.2 si3.8 o18 h10 | marsmineralcompendium | marsmineralcompendium/chamosite_1.cif
MarsMineralCompendium	MarsMineralCompendium/Chamosite_2.cif	Chamosite_2.cif	Chamosite_2	Chamosite	Chamosite			(Mg2.518 Fe2.482) Al1.2 Si3.8 O18 H10	chamosite_2 | chamosite | chamosite | (mg2.518 fe2.482) al1.2 si3.8 o18 h10 | marsmineralcompendium | marsmineralcompendium/chamosite_2.cif
MarsMineralCompendium	MarsMineralCompendium/Chlorapatite_1.cif	Chlorapatite_1.cif	Chlorapatite_1	Chlorapatite	Chlorapatite			Ca5 P3 O12.24 Cl.47 F.29 H.24	chlorapatite_1 | chlorapatite | chlorapatite | ca5 p3 o12.24 cl.47 f.29 h.24 | marsmineralcompendium | marsmineralcompendium/chlorapatite_1.cif
MarsMineralCompendium	MarsMineralCompendium/Chlorapatite_2.cif	Chlorapatite_2.cif	Chlorapatite_2	Chlorapatite	Chlorapatite			Ca5 P3 O12 Cl.88 F.12	chlorapatite_2 | chlorapatite | chlorapatite | ca5 p3 o12 cl.88 f.12 | marsmineralcompendium | marsmineralcompendium/chlorapatite_2.cif
MarsMineralCompendium	MarsMineralCompendium/Clinochlore_1.cif	Clinochlore_1.cif	Clinochlore_1	Clinochlore	Clinochlore			Mg5.1 Al1.2 Cr.7 Si3 O18 H8	clinochlore_1 | clinochlore | clinochlore | mg5.1 al1.2 cr.7 si3 o18 h8 | marsmineralcompendium | marsmineralcompendium/clinochlore_1.cif
MarsMineralCompendium	MarsMineralCompendium/Clinochlore_2.cif	Clinochlore_2.cif	Clinochlore_2	Clinochlore	Clinochlore			Mg5 Al1.75 Cr.25 Si3 O18 H8	clinochlore_2 | clinochlore | clinochlore | mg5 al1.75 cr.25 si3 o18 h8 | marsmineralcompendium | marsmineralcompendium/clinochlore_2.cif
MarsMineralCompendium	MarsMineralCompendium/Clinochlore_3.cif	Clinochlore_3.cif	Clinochlore_3	Clinochlore	Clinochlore			Mg5 Al1.67 Cr.28 Si3.04 O18 H8	clinochlore_3 | clinochlore | clinochlore | mg5 al1.67 cr.28 si3.04 o18 h8 | marsmineralcompendium | marsmineralcompendium/clinochlore_3.cif
MarsMineralCompendium	MarsMineralCompendium/ClinochloreIIb2.cif	ClinochloreIIb2.cif	ClinochloreIIb2	ClinochloreIIb2	ClinochloreIIb2			Mg2.97 Al.99 Si3.04 O12 I12 H2	clinochloreiib2 | clinochloreiib2 | clinochloreiib2 | mg2.97 al.99 si3.04 o12 i12 h2 | marsmineralcompendium | marsmineralcompendium/clinochloreiib2.cif
MarsMineralCompendium	MarsMineralCompendium/ClinochloreIIb4.cif	ClinochloreIIb4.cif	ClinochloreIIb4	ClinochloreIIb4	ClinochloreIIb4			Mg2.97 Al.99 Si3.04 O12 I12 H2	clinochloreiib4 | clinochloreiib4 | clinochloreiib4 | mg2.97 al.99 si3.04 o12 i12 h2 | marsmineralcompendium | marsmineralcompendium/clinochloreiib4.cif
MarsMineralCompendium	MarsMineralCompendium/Clinoferrosilite.cif	Clinoferrosilite.cif	Clinoferrosilite	Clinoferrosilite	Clinoferrosilite			Fe1.6 Ca.4 Si2 O6	clinoferrosilite | clinoferrosilite | clinoferrosilite | fe1.6 ca.4 si2 o6 | marsmineralcompendium | marsmineralcompendium/clinoferrosilite.cif
MarsMineralCompendium	MarsMineralCompendium/Clinohypersthene.cif	Clinohypersthene.cif	Clinohypersthene	Clinohypersthene	Clinohypersthene			Fe1.337 Mg.631 Ca.032 Si2 O6	clinohypersthene | clinohypersthene | clinohypersthene | fe1.337 mg.631 ca.032 si2 o6 | marsmineralcompendium | marsmineralcompendium/clinohypersthene.cif
MarsMineralCompendium	MarsMineralCompendium/ClinoptiloliteNa.cif	ClinoptiloliteNa.cif	ClinoptiloliteNa	ClinoptiloliteNa	ClinoptiloliteNa			Na2.06 Si16.4 Al1.6 O47.56 H23.12	clinoptilolitena | clinoptilolitena | clinoptilolitena | na2.06 si16.4 al1.6 o47.56 h23.12 | marsmineralcompendium | marsmineralcompendium/clinoptilolitena.cif
MarsMineralCompendium	MarsMineralCompendium/Clinopyroxene.cif	Clinopyroxene.cif	Clinopyroxene	Clinopyroxene	Clinopyroxene			Mg.57 Fe.22 Al.64 Ti.07 (Ca.98 Mn.01 Na.01) Si1.5 O6	clinopyroxene | clinopyroxene | clinopyroxene | mg.57 fe.22 al.64 ti.07 (ca.98 mn.01 na.01) si1.5 o6 | marsmineralcompendium | marsmineralcompendium/clinopyroxene.cif
MarsMineralCompendium	MarsMineralCompendium/Cookeite.cif	Cookeite.cif	Cookeite	Cookeite	Cookeite			Al4.99 Li.86 Si3.04 H8 O18	cookeite | cookeite | cookeite | al4.99 li.86 si3.04 h8 o18 | marsmineralcompendium | marsmineralcompendium/cookeite.cif
MarsMineralCompendium	MarsMineralCompendium/Coquimbite_1.cif	Coquimbite_1.cif	Coquimbite_1	Coquimbite	Coquimbite			Al Fe3 S6 O42 H36	coquimbite_1 | coquimbite | coquimbite | al fe3 s6 o42 h36 | marsmineralcompendium | marsmineralcompendium/coquimbite_1.cif
MarsMineralCompendium	MarsMineralCompendium/Coquimbite_2.cif	Coquimbite_2.cif	Coquimbite_2	Coquimbite	Coquimbite			Al Fe3 S6 O42 H36	coquimbite_2 | coquimbite | coquimbite | al fe3 s6 o42 h36 | marsmineralcompendium | marsmineralcompendium/coquimbite_2.cif
MarsMineralCompendium	MarsMineralCompendium/Coquimbite_3.cif	Coquimbite_3.cif	Coquimbite_3	Coquimbite	Coquimbite			Al.761 Fe3.239 S6 O42 H36	coquimbite_3 | coquimbite | coquimbite | al.761 fe3.239 s6 o42 h36 | marsmineralcompendium | marsmineralcompendium/coquimbite_3.cif
MarsMineralCompendium	MarsMineralCompendium/Coquimbite_4.cif	Coquimbite_4.cif	Coquimbite_4	Coquimbite	Coquimbite			Al.9 Fe3.1 S6 O42 H36	coquimbite_4 | coquimbite | coquimbite | al.9 fe3.1 s6 o42 h36 | marsmineralcompendium | marsmineralcompendium/coquimbite_4.cif
MarsMineralCompendium	MarsMineralCompendium/Cristobalite.cif	Cristobalite.cif	Cristobalite	Cristobalite	Cristobalite			Si O2	cristobalite | cristobalite | cristobalite | si o2 | marsmineralcompendium | marsmineralcompendium/cristobalite.cif
MarsMineralCompendium	MarsMineralCompendium/Dickite_1.cif	Dickite_1.cif	Dickite_1	Dickite	Dickite			Si2 Al2 O9 H4	dickite_1 | dickite | dickite | si2 al2 o9 h4 | marsmineralcompendium | marsmineralcompendium/dickite_1.cif
MarsMineralCompendium	MarsMineralCompendium/Dickite_2.cif	Dickite_2.cif	Dickite_2	Dickite	Dickite			Si2 Al2 O9 H4	dickite_2 | dickite | dickite | si2 al2 o9 h4 | marsmineralcompendium | marsmineralcompendium/dickite_2.cif
MarsMineralCompendium	MarsMineralCompendium/Donpeacorite_1.cif	Donpeacorite_1.cif	Donpeacorite_1	Donpeacorite	Donpeacorite			Mg1.47 Mn.53 Si2 O6	donpeacorite_1 | donpeacorite | donpeacorite | mg1.47 mn.53 si2 o6 | marsmineralcompendium | marsmineralcompendium/donpeacorite_1.cif
MarsMineralCompendium	MarsMineralCompendium/Donpeacorite_2.cif	Donpeacorite_2.cif	Donpeacorite_2	Donpeacorite	Donpeacorite			Mg1.433 Mn.541 Ti.002 Ca.024 Si1.997 Al.003 O6	donpeacorite_2 | donpeacorite | donpeacorite | mg1.433 mn.541 ti.002 ca.024 si1.997 al.003 o6 | marsmineralcompendium | marsmineralcompendium/donpeacorite_2.cif
MarsMineralCompendium	MarsMineralCompendium/Enstatite_1.cif	Enstatite_1.cif	Enstatite_1	Enstatite	Enstatite			Mg Si O3	enstatite_1 | enstatite | enstatite | mg si o3 | marsmineralcompendium | marsmineralcompendium/enstatite_1.cif
MarsMineralCompendium	MarsMineralCompendium/Enstatite_2.cif	Enstatite_2.cif	Enstatite_2	Enstatite	Enstatite			Mg1.66 Fe.24 Ca.012 Al.14 Si1.94 O6	enstatite_2 | enstatite | enstatite | mg1.66 fe.24 ca.012 al.14 si1.94 o6 | marsmineralcompendium | marsmineralcompendium/enstatite_2.cif
MarsMineralCompendium	MarsMineralCompendium/Enstatite_3.cif	Enstatite_3.cif	Enstatite_3	Enstatite	Enstatite			Mg Si O3	enstatite_3 | enstatite | enstatite | mg si o3 | marsmineralcompendium | marsmineralcompendium/enstatite_3.cif
MarsMineralCompendium	MarsMineralCompendium/Epsomite_1.cif	Epsomite_1.cif	Epsomite_1	Epsomite	Epsomite			Mg S O11 D14	epsomite_1 | epsomite | epsomite | mg s o11 d14 | marsmineralcompendium | marsmineralcompendium/epsomite_1.cif
MarsMineralCompendium	MarsMineralCompendium/Epsomite_2.cif	Epsomite_2.cif	Epsomite_2	Epsomite	Epsomite			Mg S O11 H14	epsomite_2 | epsomite | epsomite | mg s o11 h14 | marsmineralcompendium | marsmineralcompendium/epsomite_2.cif
MarsMineralCompendium	MarsMineralCompendium/Fayalite.cif	Fayalite.cif	Fayalite	Fayalite	Fayalite			Fe2 Si O4	fayalite | fayalite | fayalite | fe2 si o4 | marsmineralcompendium | marsmineralcompendium/fayalite.cif
MarsMineralCompendium	MarsMineralCompendium/Fe-perchlorate.cif	Fe-perchlorate.cif	Fe-perchlorate	FePerchlorate	FePerchlorate			Cl3 Fe H18 O21	fe-perchlorate | feperchlorate | feperchlorate | cl3 fe h18 o21 | marsmineralcompendium | marsmineralcompendium/fe-perchlorate.cif
MarsMineralCompendium	MarsMineralCompendium/Ferricopiapite_1.cif	Ferricopiapite_1.cif	Ferricopiapite_1	Ferricopiapite	Ferricopiapite			Fe4.69 S6 O46 H42	ferricopiapite_1 | ferricopiapite | ferricopiapite | fe4.69 s6 o46 h42 | marsmineralcompendium | marsmineralcompendium/ferricopiapite_1.cif
MarsMineralCompendium	MarsMineralCompendium/Ferricopiapite_2.cif	Ferricopiapite_2.cif	Ferricopiapite_2	Ferricopiapite	Ferricopiapite			Fe4.633 S6 O46 D42	ferricopiapite_2 | ferricopiapite | ferricopiapite | fe4.633 s6 o46 d42 | marsmineralcompendium | marsmineralcompendium/ferricopiapite_2.cif
MarsMineralCompendium	MarsMineralCompendium/Ferricopiapite_3.cif	Ferricopiapite_3.cif	Ferricopiapite_3	Ferricopiapite	Ferricopiapite			Fe4.619 S6 O46	ferricopiapite_3 | ferricopiapite | ferricopiapite | fe4.619 s6 o46 | marsmineralcompendium | marsmineralcompendium/ferricopiapite_3.cif
MarsMineralCompendium	MarsMineralCompendium/Ferrihydrite_1.cif	Ferrihydrite_1.cif	Ferrihydrite_1	Ferrihydrite	Ferrihydrite			Fe.48 O	ferrihydrite_1 | ferrihydrite | ferrihydrite | fe.48 o | marsmineralcompendium | marsmineralcompendium/ferrihydrite_1.cif
MarsMineralCompendium	MarsMineralCompendium/Ferrihydrite_2.cif	Ferrihydrite_2.cif	Ferrihydrite_2	Ferrihydrite	Ferrihydrite			Fe.39 O.595	ferrihydrite_2 | ferrihydrite | ferrihydrite | fe.39 o.595 | marsmineralcompendium | marsmineralcompendium/ferrihydrite_2.cif
MarsMineralCompendium	MarsMineralCompendium/Ferrihydrite_3.cif	Ferrihydrite_3.cif	Ferrihydrite_3	Ferrihydrite	Ferrihydrite			Fe4.93 (O8 H)	ferrihydrite_3 | ferrihydrite | ferrihydrite | fe4.93 (o8 h) | marsmineralcompendium | marsmineralcompendium/ferrihydrite_3.cif
MarsMineralCompendium	MarsMineralCompendium/Ferrihydrite_4.cif	Ferrihydrite_4.cif	Ferrihydrite_4	Ferrihydrite	Ferrihydrite			Fe4.75 (O8 H)	ferrihydrite_4 | ferrihydrite | ferrihydrite | fe4.75 (o8 h) | marsmineralcompendium | marsmineralcompendium/ferrihydrite_4.cif
MarsMineralCompendium	MarsMineralCompendium/Ferrosilite_1.cif	Ferrosilite_1.cif	Ferrosilite_1	Ferrosilite	Ferrosilite			Fe Si O3	ferrosilite_1 | ferrosilite | ferrosilite | fe si o3 | marsmineralcompendium | marsmineralcompendium/ferrosilite_1.cif
MarsMineralCompendium	MarsMineralCompendium/Ferrosilite_2.cif	Ferrosilite_2.cif	Ferrosilite_2	Ferrosilite	Ferrosilite			Si2 Fe1.71 Mg.25 Ca.04 O6	ferrosilite_2 | ferrosilite | ferrosilite | si2 fe1.71 mg.25 ca.04 o6 | marsmineralcompendium | marsmineralcompendium/ferrosilite_2.cif
MarsMineralCompendium	MarsMineralCompendium/Ferrosilite_3.cif	Ferrosilite_3.cif	Ferrosilite_3	Ferrosilite	Ferrosilite			Ca0.04 Fe1.71 Mg0.25 O6 Si2	ferrosilite_3 | ferrosilite | ferrosilite | ca0.04 fe1.71 mg0.25 o6 si2 | marsmineralcompendium | marsmineralcompendium/ferrosilite_3.cif
MarsMineralCompendium	MarsMineralCompendium/Forsterite_1.cif	Forsterite_1.cif	Forsterite_1	Forsterite	Forsterite			(Mg1.8 Fe.2) Si O4	forsterite_1 | forsterite | forsterite | (mg1.8 fe.2) si o4 | marsmineralcompendium | marsmineralcompendium/forsterite_1.cif
MarsMineralCompendium	MarsMineralCompendium/Forsterite_2.cif	Forsterite_2.cif	Forsterite_2	Forsterite	Forsterite			Mg1.03 Mn.97 Si O4	forsterite_2 | forsterite | forsterite | mg1.03 mn.97 si o4 | marsmineralcompendium | marsmineralcompendium/forsterite_2.cif
MarsMineralCompendium	MarsMineralCompendium/Forsterite_3.cif	Forsterite_3.cif	Forsterite_3	Forsterite	Forsterite			Si (Mg1.816 Fe.184) O4	forsterite_3 | forsterite | forsterite | si (mg1.816 fe.184) o4 | marsmineralcompendium | marsmineralcompendium/forsterite_3.cif
MarsMineralCompendium	MarsMineralCompendium/Forsterite_4.cif	Forsterite_4.cif	Forsterite_4	Forsterite	Forsterite			Mg1.07 Fe.912 Mn.012 Ca.004 Si O4	forsterite_4 | forsterite | forsterite | mg1.07 fe.912 mn.012 ca.004 si o4 | marsmineralcompendium | marsmineralcompendium/forsterite_4.cif
MarsMineralCompendium	MarsMineralCompendium/Forsterite_5.cif	Forsterite_5.cif	Forsterite_5	Forsterite	Forsterite			Mg2 Si O4	forsterite_5 | forsterite | forsterite | mg2 si o4 | marsmineralcompendium | marsmineralcompendium/forsterite_5.cif
MarsMineralCompendium	MarsMineralCompendium/Giniite_1.cif	Giniite_1.cif	Giniite_1	Giniite	Giniite			Fe5 H6 O20 P4	giniite_1 | giniite | giniite | fe5 h6 o20 p4 | marsmineralcompendium | marsmineralcompendium/giniite_1.cif
MarsMineralCompendium	MarsMineralCompendium/Giniite_2.cif	Giniite_2.cif	Giniite_2	Giniite	Giniite			Fe5 H6 O20 P4	giniite_2 | giniite | giniite | fe5 h6 o20 p4 | marsmineralcompendium | marsmineralcompendium/giniite_2.cif
MarsMineralCompendium	MarsMineralCompendium/Glauconite_1.cif	Glauconite_1.cif	Glauconite_1	Glauconite	Glauconite			K Al2 Si4 O12 H2	glauconite_1 | glauconite | glauconite | k al2 si4 o12 h2 | marsmineralcompendium | marsmineralcompendium/glauconite_1.cif
MarsMineralCompendium	MarsMineralCompendium/Glauconite_2.cif	Glauconite_2.cif	Glauconite_2	Glauconite	Glauconite			K Al2 Si4 O12 H2	glauconite_2 | glauconite | glauconite | k al2 si4 o12 h2 | marsmineralcompendium | marsmineralcompendium/glauconite_2.cif
MarsMineralCompendium	MarsMineralCompendium/Glauconite_3.cif	Glauconite_3.cif	Glauconite_3	Glauconite	Glauconite			K Al2 Si4 O12 H2	glauconite_3 | glauconite | glauconite | k al2 si4 o12 h2 | marsmineralcompendium | marsmineralcompendium/glauconite_3.cif
MarsMineralCompendium	MarsMineralCompendium/Goethite.cif	Goethite.cif	Goethite	Goethite	Goethite			Fe O (OH)	goethite | goethite | goethite | fe o (oh) | marsmineralcompendium | marsmineralcompendium/goethite.cif
MarsMineralCompendium	MarsMineralCompendium/Gypsum_1.cif	Gypsum_1.cif	Gypsum_1	Gypsum	Gypsum			Ca S O6 H4	gypsum_1 | gypsum | gypsum | ca s o6 h4 | marsmineralcompendium | marsmineralcompendium/gypsum_1.cif
MarsMineralCompendium	MarsMineralCompendium/Gypsum_2.cif	Gypsum_2.cif	Gypsum_2	Gypsum	Gypsum			Ca S O6 H4	gypsum_2 | gypsum | gypsum | ca s o6 h4 | marsmineralcompendium | marsmineralcompendium/gypsum_2.cif
MarsMineralCompendium	MarsMineralCompendium/Halite_1.cif	Halite_1.cif	Halite_1	Halite	Halite			Na Cl	halite_1 | halite | halite | na cl | marsmineralcompendium | marsmineralcompendium/halite_1.cif
MarsMineralCompendium	MarsMineralCompendium/Halite_2.cif	Halite_2.cif	Halite_2	Halite	Halite			Na Cl	halite_2 | halite | halite | na cl | marsmineralcompendium | marsmineralcompendium/halite_2.cif
MarsMineralCompendium	MarsMineralCompendium/Halite_3.cif	Halite_3.cif	Halite_3	Halite	Halite			Na Cl	halite_3 | halite | halite | na cl | marsmineralcompendium | marsmineralcompendium/halite_3.cif
MarsMineralCompendium	MarsMineralCompendium/Halloysite10A.cif	Halloysite10A.cif	Halloysite10A	Halloysite10A	Halloysite10A			Al2 Si2 (O11 H8)	halloysite10a | halloysite10a | halloysite10a | al2 si2 (o11 h8) | marsmineralcompendium | marsmineralcompendium/halloysite10a.cif
MarsMineralCompendium	MarsMineralCompendium/Halloysite7A.cif	Halloysite7A.cif	Halloysite7A	Halloysite7A	Halloysite7A			Al2 Si2 (O9 H4)	halloysite7a | halloysite7a | halloysite7a | al2 si2 (o9 h4) | marsmineralcompendium | marsmineralcompendium/halloysite7a.cif
MarsMineralCompendium	MarsMineralCompendium/HectoriteCs.cif	HectoriteCs.cif	HectoriteCs	HectoriteCs	HectoriteCs			Cs0.601 F2 Li0.602 Mg2.398 O10 Si4	hectoritecs | hectoritecs | hectoritecs | cs0.601 f2 li0.602 mg2.398 o10 si4 | marsmineralcompendium | marsmineralcompendium/hectoritecs.cif
MarsMineralCompendium	MarsMineralCompendium/Hedenbergite_1.cif	Hedenbergite_1.cif	Hedenbergite_1	Hedenbergite	Hedenbergite			Fe1.5 Ca.5 Si2 O6	hedenbergite_1 | hedenbergite | hedenbergite | fe1.5 ca.5 si2 o6 | marsmineralcompendium | marsmineralcompendium/hedenbergite_1.cif
MarsMineralCompendium	MarsMineralCompendium/Hedenbergite_2.cif	Hedenbergite_2.cif	Hedenbergite_2	Hedenbergite	Hedenbergite			Si2 Fe1.3 Ca.7 O6	hedenbergite_2 | hedenbergite | hedenbergite | si2 fe1.3 ca.7 o6 | marsmineralcompendium | marsmineralcompendium/hedenbergite_2.cif
MarsMineralCompendium	MarsMineralCompendium/Hematite_1.cif	Hematite_1.cif	Hematite_1	Hematite	Hematite			Fe2 O3	hematite_1 | hematite | hematite | fe2 o3 | marsmineralcompendium | marsmineralcompendium/hematite_1.cif
MarsMineralCompendium	MarsMineralCompendium/Hematite_2.cif	Hematite_2.cif	Hematite_2	Hematite	Hematite			Fe2 O3	hematite_2 | hematite | hematite | fe2 o3 | marsmineralcompendium | marsmineralcompendium/hematite_2.cif
MarsMineralCompendium	MarsMineralCompendium/Hydrohalite.cif	Hydrohalite.cif	Hydrohalite	Hydrohalite	Hydrohalite			Na Cl O2 H4	hydrohalite | hydrohalite | hydrohalite | na cl o2 h4 | marsmineralcompendium | marsmineralcompendium/hydrohalite.cif
MarsMineralCompendium	MarsMineralCompendium/Hydroniumjarosite_1.cif	Hydroniumjarosite_1.cif	Hydroniumjarosite_1	Hydroniumjarosite	Hydroniumjarosite			H6.92 Fe3 S2 O14	hydroniumjarosite_1 | hydroniumjarosite | hydroniumjarosite | h6.92 fe3 s2 o14 | marsmineralcompendium | marsmineralcompendium/hydroniumjarosite_1.cif
MarsMineralCompendium	MarsMineralCompendium/Hydroniumjarosite_2.cif	Hydroniumjarosite_2.cif	Hydroniumjarosite_2	Hydroniumjarosite	Hydroniumjarosite			K.1 H6.86 Fe3 S2 O14	hydroniumjarosite_2 | hydroniumjarosite | hydroniumjarosite | k.1 h6.86 fe3 s2 o14 | marsmineralcompendium | marsmineralcompendium/hydroniumjarosite_2.cif
MarsMineralCompendium	MarsMineralCompendium/Hydroniumjarosite_3.cif	Hydroniumjarosite_3.cif	Hydroniumjarosite_3	Hydroniumjarosite	Hydroniumjarosite			K.2 H6.81 Fe3 S2 O14	hydroniumjarosite_3 | hydroniumjarosite | hydroniumjarosite | k.2 h6.81 fe3 s2 o14 | marsmineralcompendium | marsmineralcompendium/hydroniumjarosite_3.cif
MarsMineralCompendium	MarsMineralCompendium/Hydroxyapatite.cif	Hydroxyapatite.cif	Hydroxyapatite	Hydroxylapatite	Hydroxylapatite			Ca5 P3 O13 H	hydroxyapatite | hydroxylapatite | hydroxylapatite | ca5 p3 o13 h | marsmineralcompendium | marsmineralcompendium/hydroxyapatite.cif
MarsMineralCompendium	MarsMineralCompendium/Hypersthene.cif	Hypersthene.cif	Hypersthene	Hypersthene	Hypersthene			(Mg.7 Fe.3) Si O3	hypersthene | hypersthene | hypersthene | (mg.7 fe.3) si o3 | marsmineralcompendium | marsmineralcompendium/hypersthene.cif
MarsMineralCompendium	MarsMineralCompendium/Illite_1.cif	Illite_1.cif	Illite_1	Illite	Illite			K Al4 Si2 O12	illite_1 | illite | illite | k al4 si2 o12 | marsmineralcompendium | marsmineralcompendium/illite_1.cif
MarsMineralCompendium	MarsMineralCompendium/Illite_2.cif	Illite_2.cif	Illite_2	Illite	Illite			K Al4 Si2 O12	illite_2 | illite | illite | k al4 si2 o12 | marsmineralcompendium | marsmineralcompendium/illite_2.cif
MarsMineralCompendium	MarsMineralCompendium/Illite_3.cif	Illite_3.cif	Illite_3	Illite	Illite			K Al2 Si4 O12 H2	illite_3 | illite | illite | k al2 si4 o12 h2 | marsmineralcompendium | marsmineralcompendium/illite_3.cif
MarsMineralCompendium	MarsMineralCompendium/Illite_4.cif	Illite_4.cif	Illite_4	Illite	Illite			K Al2 Si4 O12 H2	illite_4 | illite | illite | k al2 si4 o12 h2 | marsmineralcompendium | marsmineralcompendium/illite_4.cif
MarsMineralCompendium	MarsMineralCompendium/Illite_5.cif	Illite_5.cif	Illite_5	Illite	Illite			K Al2 Si4 O12 H2	illite_5 | illite | illite | k al2 si4 o12 h2 | marsmineralcompendium | marsmineralcompendium/illite_5.cif
MarsMineralCompendium	MarsMineralCompendium/Illite_6.cif	Illite_6.cif	Illite_6	Illite	Illite			K Al2 Si4 O12 H2	illite_6 | illite | illite | k al2 si4 o12 h2 | marsmineralcompendium | marsmineralcompendium/illite_6.cif
MarsMineralCompendium	MarsMineralCompendium/Illite_7.cif	Illite_7.cif	Illite_7	Illite	Illite			K Al2 Si4 O12 H2	illite_7 | illite | illite | k al2 si4 o12 h2 | marsmineralcompendium | marsmineralcompendium/illite_7.cif
MarsMineralCompendium	MarsMineralCompendium/Ilmenite_1.cif	Ilmenite_1.cif	Ilmenite_1	Ilmenite	Ilmenite			Fe Ti O3	ilmenite_1 | ilmenite | ilmenite | fe ti o3 | marsmineralcompendium | marsmineralcompendium/ilmenite_1.cif
MarsMineralCompendium	MarsMineralCompendium/Ilmenite_2.cif	Ilmenite_2.cif	Ilmenite_2	Ilmenite	Ilmenite			Fe Ti O3	ilmenite_2 | ilmenite | ilmenite | fe ti o3 | marsmineralcompendium | marsmineralcompendium/ilmenite_2.cif
MarsMineralCompendium	MarsMineralCompendium/Jadiete.cif	Jadiete.cif	Jadiete	Jadeite	Jadeite			Na Al Si2 O6	jadiete | jadeite | jadeite | na al si2 o6 | marsmineralcompendium | marsmineralcompendium/jadiete.cif
MarsMineralCompendium	MarsMineralCompendium/Jarosite-H3O.cif	Jarosite-H3O.cif	Jarosite-H3O	Jarosite	Jarosite			K.51 H6.49 Fe3 S2 O14	jarosite-h3o | jarosite | jarosite | k.51 h6.49 fe3 s2 o14 | marsmineralcompendium | marsmineralcompendium/jarosite-h3o.cif
MarsMineralCompendium	MarsMineralCompendium/Jarosite_1.cif	Jarosite_1.cif	Jarosite_1	Jarosite	Jarosite			K.7 H6.3 Fe3 S2 O14	jarosite_1 | jarosite | jarosite | k.7 h6.3 fe3 s2 o14 | marsmineralcompendium | marsmineralcompendium/jarosite_1.cif
MarsMineralCompendium	MarsMineralCompendium/Jarosite_2.cif	Jarosite_2.cif	Jarosite_2	Jarosite	Jarosite			Na.75 H6.73 Fe2.856 S2 O14	jarosite_2 | jarosite | jarosite | na.75 h6.73 fe2.856 s2 o14 | marsmineralcompendium | marsmineralcompendium/jarosite_2.cif
MarsMineralCompendium	MarsMineralCompendium/Jarosite_3.cif	Jarosite_3.cif	Jarosite_3	Jarosite	Jarosite			K (Fe2.79 Al.21) S2 O14 H6	jarosite_3 | jarosite | jarosite | k (fe2.79 al.21) s2 o14 h6 | marsmineralcompendium | marsmineralcompendium/jarosite_3.cif
MarsMineralCompendium	MarsMineralCompendium/Jarosite_4.cif	Jarosite_4.cif	Jarosite_4	Jarosite	Jarosite			K.6 H6.4 Fe3 S2 O14	jarosite_4 | jarosite | jarosite | k.6 h6.4 fe3 s2 o14 | marsmineralcompendium | marsmineralcompendium/jarosite_4.cif
MarsMineralCompendium	MarsMineralCompendium/K-chlorate.cif	K-chlorate.cif	K-chlorate	KchlorateV	KchlorateV			Cl K O3	k-chlorate | kchloratev | kchloratev | cl k o3 | marsmineralcompendium | marsmineralcompendium/k-chlorate.cif
MarsMineralCompendium	MarsMineralCompendium/K-perchlorate.cif	K-perchlorate.cif	K-perchlorate	KPerchlorate	KPerchlorate			Cl K O4	k-perchlorate | kperchlorate | kperchlorate | cl k o4 | marsmineralcompendium | marsmineralcompendium/k-perchlorate.cif
MarsMineralCompendium	MarsMineralCompendium/Kieserite_1.cif	Kieserite_1.cif	Kieserite_1	Kieserite	Kieserite			Mg S O5 H2	kieserite_1 | kieserite | kieserite | mg s o5 h2 | marsmineralcompendium | marsmineralcompendium/kieserite_1.cif
MarsMineralCompendium	MarsMineralCompendium/Kieserite_2.cif	Kieserite_2.cif	Kieserite_2	Kieserite	Kieserite			Mg S O5 H2	kieserite_2 | kieserite | kieserite | mg s o5 h2 | marsmineralcompendium | marsmineralcompendium/kieserite_2.cif
MarsMineralCompendium	MarsMineralCompendium/Kieserite_3.cif	Kieserite_3.cif	Kieserite_3	Kieserite	Kieserite			Mg S O5 H2	kieserite_3 | kieserite | kieserite | mg s o5 h2 | marsmineralcompendium | marsmineralcompendium/kieserite_3.cif
MarsMineralCompendium	MarsMineralCompendium/Labradorite_1.cif	Labradorite_1.cif	Labradorite_1	Labradorite	Labradorite			Na0.48 Ca0.52 ( Al1.52 Si2.48 O8 )	labradorite_1 | labradorite | labradorite | na0.48 ca0.52 ( al1.52 si2.48 o8 ) | marsmineralcompendium | marsmineralcompendium/labradorite_1.cif
MarsMineralCompendium	MarsMineralCompendium/Labradorite_2.cif	Labradorite_2.cif	Labradorite_2	Labradorite	Labradorite			Ca.325 Na.16 (Si1.19 Al.81) O4	labradorite_2 | labradorite | labradorite | ca.325 na.16 (si1.19 al.81) o4 | marsmineralcompendium | marsmineralcompendium/labradorite_2.cif
MarsMineralCompendium	MarsMineralCompendium/Labradorite_3.cif	Labradorite_3.cif	Labradorite_3	Labradorite	Labradorite			Ca.317 Na.183 Si1.174 Al.824 O4	labradorite_3 | labradorite | labradorite | ca.317 na.183 si1.174 al.824 o4 | marsmineralcompendium | marsmineralcompendium/labradorite_3.cif
MarsMineralCompendium	MarsMineralCompendium/Labradorite_4.cif	Labradorite_4.cif	Labradorite_4	Labradorite	Labradorite			Ca.32 Na.18 Si1.184 Al.814 O4	labradorite_4 | labradorite | labradorite | ca.32 na.18 si1.184 al.814 o4 | marsmineralcompendium | marsmineralcompendium/labradorite_4.cif
MarsMineralCompendium	MarsMineralCompendium/Labradorite_5.cif	Labradorite_5.cif	Labradorite_5	Labradorite	Labradorite			Ca.34 Na.15 (Si1.17 Al.83) O4	labradorite_5 | labradorite | labradorite | ca.34 na.15 (si1.17 al.83) o4 | marsmineralcompendium | marsmineralcompendium/labradorite_5.cif
MarsMineralCompendium	MarsMineralCompendium/Laumontite_1.cif	Laumontite_1.cif	Laumontite_1	Laumontite	Laumontite			Ca Al2 Si4 O15.02 H6.04	laumontite_1 | laumontite | laumontite | ca al2 si4 o15.02 h6.04 | marsmineralcompendium | marsmineralcompendium/laumontite_1.cif
MarsMineralCompendium	MarsMineralCompendium/Laumontite_2.cif	Laumontite_2.cif	Laumontite_2	Laumontite	Laumontite			Ca Si4 Al2 O16.5 D7.72	laumontite_2 | laumontite | laumontite | ca si4 al2 o16.5 d7.72 | marsmineralcompendium | marsmineralcompendium/laumontite_2.cif
MarsMineralCompendium	MarsMineralCompendium/Lepidocrocite.cif	Lepidocrocite.cif	Lepidocrocite	Lepidocrocite	Lepidocrocite			Fe O2 H	lepidocrocite | lepidocrocite | lepidocrocite | fe o2 h | marsmineralcompendium | marsmineralcompendium/lepidocrocite.cif
MarsMineralCompendium	MarsMineralCompendium/Lizardite1T.cif	Lizardite1T.cif	Lizardite1T	Lizardite1T	Lizardite1T			Mg3 Si2 H4 O9	lizardite1t | lizardite1t | lizardite1t | mg3 si2 h4 o9 | marsmineralcompendium | marsmineralcompendium/lizardite1t.cif
MarsMineralCompendium	MarsMineralCompendium/Mackinawite.cif	Mackinawite.cif	Mackinawite	Mackinawite	Mackinawite			Fe S	mackinawite | mackinawite | mackinawite | fe s | marsmineralcompendium | marsmineralcompendium/mackinawite.cif
MarsMineralCompendium	MarsMineralCompendium/Maghemite_1.cif	Maghemite_1.cif	Maghemite_1	Maghemite	Maghemite			Fe2.667 O4	maghemite_1 | maghemite | maghemite | fe2.667 o4 | marsmineralcompendium | marsmineralcompendium/maghemite_1.cif
MarsMineralCompendium	MarsMineralCompendium/Maghemite_2.cif	Maghemite_2.cif	Maghemite_2	Maghemite	Maghemite			Fe2.667 O4	maghemite_2 | maghemite | maghemite | fe2.667 o4 | marsmineralcompendium | marsmineralcompendium/maghemite_2.cif
MarsMineralCompendium	MarsMineralCompendium/Maghemite_3.cif	Maghemite_3.cif	Maghemite_3	Maghemite	Maghemite			Fe3 O4	maghemite_3 | maghemite | maghemite | fe3 o4 | marsmineralcompendium | marsmineralcompendium/maghemite_3.cif
MarsMineralCompendium	MarsMineralCompendium/Maghemite_4.cif	Maghemite_4.cif	Maghemite_4	Maghemite	Maghemite			Fe2.667 O4	maghemite_4 | maghemite | maghemite | fe2.667 o4 | marsmineralcompendium | marsmineralcompendium/maghemite_4.cif
MarsMineralCompendium	MarsMineralCompendium/Maghemite_5.cif	Maghemite_5.cif	Maghemite_5	Maghemite	Maghemite			Fe2 O3	maghemite_5 | maghemite | maghemite | fe2 o3 | marsmineralcompendium | marsmineralcompendium/maghemite_5.cif
MarsMineralCompendium	MarsMineralCompendium/Maghemite_6.cif	Maghemite_6.cif	Maghemite_6	Maghemite	Maghemite			Fe3 O4	maghemite_6 | maghemite | maghemite | fe3 o4 | marsmineralcompendium | marsmineralcompendium/maghemite_6.cif
MarsMineralCompendium	MarsMineralCompendium/Magnesioferrite.cif	Magnesioferrite.cif	Magnesioferrite	Magnesioferrite	Magnesioferrite			(Mg Fe2) O4	magnesioferrite | magnesioferrite | magnesioferrite | (mg fe2) o4 | marsmineralcompendium | marsmineralcompendium/magnesioferrite.cif
MarsMineralCompendium	MarsMineralCompendium/Magnetite_1.cif	Magnetite_1.cif	Magnetite_1	Magnetite	Magnetite			Fe3 O4	magnetite_1 | magnetite | magnetite | fe3 o4 | marsmineralcompendium | marsmineralcompendium/magnetite_1.cif
MarsMineralCompendium	MarsMineralCompendium/Magnetite_2.cif	Magnetite_2.cif	Magnetite_2	Magnetite	Magnetite			Fe3 O4	magnetite_2 | magnetite | magnetite | fe3 o4 | marsmineralcompendium | marsmineralcompendium/magnetite_2.cif
MarsMineralCompendium	MarsMineralCompendium/Magnetite_3.cif	Magnetite_3.cif	Magnetite_3	Magnetite	Magnetite			Fe2.904 Ti.096 O4	magnetite_3 | magnetite | magnetite | fe2.904 ti.096 o4 | marsmineralcompendium | marsmineralcompendium/magnetite_3.cif
MarsMineralCompendium	MarsMineralCompendium/Magnetite_4.cif	Magnetite_4.cif	Magnetite_4	Magnetite	Magnetite			Fe3 O4	magnetite_4 | magnetite | magnetite | fe3 o4 | marsmineralcompendium | marsmineralcompendium/magnetite_4.cif
MarsMineralCompendium	MarsMineralCompendium/Magnetite_5.cif	Magnetite_5.cif	Magnetite_5	Magnetite	Magnetite			Fe3 O4	magnetite_5 | magnetite | magnetite | fe3 o4 | marsmineralcompendium | marsmineralcompendium/magnetite_5.cif
MarsMineralCompendium	MarsMineralCompendium/Magnetite_6.cif	Magnetite_6.cif	Magnetite_6	Magnetite	Magnetite			Fe3 O4	magnetite_6 | magnetite | magnetite | fe3 o4 | marsmineralcompendium | marsmineralcompendium/magnetite_6.cif
MarsMineralCompendium	MarsMineralCompendium/Melanterite_1.cif	Melanterite_1.cif	Melanterite_1	Melanterite	Melanterite			Fe S O11 H14	melanterite_1 | melanterite | melanterite | fe s o11 h14 | marsmineralcompendium | marsmineralcompendium/melanterite_1.cif
MarsMineralCompendium	MarsMineralCompendium/Melanterite_2.cif	Melanterite_2.cif	Melanterite_2	Melanterite	Melanterite			Fe S O11 (D13.16 H.84)	melanterite_2 | melanterite | melanterite | fe s o11 (d13.16 h.84) | marsmineralcompendium | marsmineralcompendium/melanterite_2.cif
MarsMineralCompendium	MarsMineralCompendium/Melanterite_3.cif	Melanterite_3.cif	Melanterite_3	Melanterite	Melanterite			Fe.688 Zn1.232 Cu.079 S2 O22 H28	melanterite_3 | melanterite | melanterite | fe.688 zn1.232 cu.079 s2 o22 h28 | marsmineralcompendium | marsmineralcompendium/melanterite_3.cif
MarsMineralCompendium	MarsMineralCompendium/Mg-chlorate-hydrate-1.cif	Mg-chlorate-hydrate-1.cif	Mg-chlorate-hydrate-1	MgChlorateHydrate	MgChlorateHydrate			Cl2 H4 Mg O8	mg-chlorate-hydrate-1 | mgchloratehydrate | mgchloratehydrate | cl2 h4 mg o8 | marsmineralcompendium | marsmineralcompendium/mg-chlorate-hydrate-1.cif
MarsMineralCompendium	MarsMineralCompendium/Mg-chlorate-hydrate-2.cif	Mg-chlorate-hydrate-2.cif	Mg-chlorate-hydrate-2	MgChlorateHydrate	MgChlorateHydrate			Cl2 H12 Mg O12	mg-chlorate-hydrate-2 | mgchloratehydrate | mgchloratehydrate | cl2 h12 mg o12 | marsmineralcompendium | marsmineralcompendium/mg-chlorate-hydrate-2.cif
MarsMineralCompendium	MarsMineralCompendium/Mg-perchlorate_1.cif	Mg-perchlorate_1.cif	Mg-perchlorate_1	MgPerchlorate	MgPerchlorate			Cl2 H4 Mg O10	mg-perchlorate_1 | mgperchlorate | mgperchlorate | cl2 h4 mg o10 | marsmineralcompendium | marsmineralcompendium/mg-perchlorate_1.cif
MarsMineralCompendium	MarsMineralCompendium/Mg-perchlorate_2.cif	Mg-perchlorate_2.cif	Mg-perchlorate_2	MgPerchlorate	MgPerchlorate			Cl2 H12 Mg O10	mg-perchlorate_2 | mgperchlorate | mgperchlorate | cl2 h12 mg o10 | marsmineralcompendium | marsmineralcompendium/mg-perchlorate_2.cif
MarsMineralCompendium	MarsMineralCompendium/Mg-perchlorate_3.cif	Mg-perchlorate_3.cif	Mg-perchlorate_3	MgPerchlorate	MgPerchlorate			Cl2 H4 Mg O10	mg-perchlorate_3 | mgperchlorate | mgperchlorate | cl2 h4 mg o10 | marsmineralcompendium | marsmineralcompendium/mg-perchlorate_3.cif
MarsMineralCompendium	MarsMineralCompendium/Montmorillonite_1.cif	Montmorillonite_1.cif	Montmorillonite_1	Montmorillonite	Montmorillonite			Al2 Si4 O12 Ca.5	montmorillonite_1 | montmorillonite | montmorillonite | al2 si4 o12 ca.5 | marsmineralcompendium | marsmineralcompendium/montmorillonite_1.cif
MarsMineralCompendium	MarsMineralCompendium/Montmorillonite_2.cif	Montmorillonite_2.cif	Montmorillonite_2	Montmorillonite	Montmorillonite			Al2 Si4 O12 Ca.5	montmorillonite_2 | montmorillonite | montmorillonite | al2 si4 o12 ca.5 | marsmineralcompendium | marsmineralcompendium/montmorillonite_2.cif
MarsMineralCompendium	MarsMineralCompendium/Montmorillonite_3.cif	Montmorillonite_3.cif	Montmorillonite_3	Montmorillonite	Montmorillonite			Si3.9 Al.86 Li.08 Fe.1 Mg.14 O10 H	montmorillonite_3 | montmorillonite | montmorillonite | si3.9 al.86 li.08 fe.1 mg.14 o10 h | marsmineralcompendium | marsmineralcompendium/montmorillonite_3.cif
MarsMineralCompendium	MarsMineralCompendium/Montmorillonite_4.cif	Montmorillonite_4.cif	Montmorillonite_4	Montmorillonite	Montmorillonite			Si3.9 Al.86 Li.08 Fe.1 Mg.14 O10 H	montmorillonite_4 | montmorillonite | montmorillonite | si3.9 al.86 li.08 fe.1 mg.14 o10 h | marsmineralcompendium | marsmineralcompendium/montmorillonite_4.cif
MarsMineralCompendium	MarsMineralCompendium/Montmorillonite_5.cif	Montmorillonite_5.cif	Montmorillonite_5	Montmorillonite	Montmorillonite			Si3.9 Al.86 Cs.08 Fe.1 Mg.14 O10 H	montmorillonite_5 | montmorillonite | montmorillonite | si3.9 al.86 cs.08 fe.1 mg.14 o10 h | marsmineralcompendium | marsmineralcompendium/montmorillonite_5.cif
MarsMineralCompendium	MarsMineralCompendium/Muscovite-2M1-Antarctica_1.cif	Muscovite-2M1-Antarctica_1.cif	Muscovite-2M1-Antarctica_1	Muscovite2M1	Muscovite2M1			(K.88 Na.06 Ca.06) Si3.08 Al2.8 Ti.02 Fe.08 Mg.06 H.28 O11.96 F.04	muscovite-2m1-antarctica_1 | muscovite2m1 | muscovite2m1 | (k.88 na.06 ca.06) si3.08 al2.8 ti.02 fe.08 mg.06 h.28 o11.96 f.04 | marsmineralcompendium | marsmineralcompendium/muscovite-2m1-antarctica_1.cif
MarsMineralCompendium	MarsMineralCompendium/Muscovite-2M1-Antarctica_2.cif	Muscovite-2M1-Antarctica_2.cif	Muscovite-2M1-Antarctica_2	Muscovite2M1	Muscovite2M1			(K.92 Na.08) Si3.16 Al2.68 Ti.04 Fe.12 Mg.14 H.26 O11.96 F.04	muscovite-2m1-antarctica_2 | muscovite2m1 | muscovite2m1 | (k.92 na.08) si3.16 al2.68 ti.04 fe.12 mg.14 h.26 o11.96 f.04 | marsmineralcompendium | marsmineralcompendium/muscovite-2m1-antarctica_2.cif
MarsMineralCompendium	MarsMineralCompendium/Muscovite-2M1-Antarctica_3.cif	Muscovite-2M1-Antarctica_3.cif	Muscovite-2M1-Antarctica_3	Muscovite2M1	Muscovite2M1			K.93 Na.01 Si3.2 Al2.53 Ti.02 Fe.16 Mg.16 H.34 O12	muscovite-2m1-antarctica_3 | muscovite2m1 | muscovite2m1 | k.93 na.01 si3.2 al2.53 ti.02 fe.16 mg.16 h.34 o12 | marsmineralcompendium | marsmineralcompendium/muscovite-2m1-antarctica_3.cif
MarsMineralCompendium	MarsMineralCompendium/Muscovite-2M1-Antarctica_4.cif	Muscovite-2M1-Antarctica_4.cif	Muscovite-2M1-Antarctica_4	Muscovite2M1	Muscovite2M1			(K.865 Na.135) Al2.842 Fe.07 Mg.036 Ti.006 Si3.044 O11.946 (F.054 H1.946)	muscovite-2m1-antarctica_4 | muscovite2m1 | muscovite2m1 | (k.865 na.135) al2.842 fe.07 mg.036 ti.006 si3.044 o11.946 (f.054 h1.946) | marsmineralcompendium | marsmineralcompendium/muscovite-2m1-antarctica_4.cif
MarsMineralCompendium	MarsMineralCompendium/Muscovite-2M1-Antarctica_5.cif	Muscovite-2M1-Antarctica_5.cif	Muscovite-2M1-Antarctica_5	Muscovite2M1	Muscovite2M1			(K.92 Na.08) Si3.2 Al2.65 Ti.04 Fe.12 Mg.06 O12	muscovite-2m1-antarctica_5 | muscovite2m1 | muscovite2m1 | (k.92 na.08) si3.2 al2.65 ti.04 fe.12 mg.06 o12 | marsmineralcompendium | marsmineralcompendium/muscovite-2m1-antarctica_5.cif
MarsMineralCompendium	MarsMineralCompendium/Muscovite-2M1_1.cif	Muscovite-2M1_1.cif	Muscovite-2M1_1	Muscovite2M1	Muscovite2M1			Al1.94 Si3.86 K.86 (O12 H2)	muscovite-2m1_1 | muscovite2m1 | muscovite2m1 | al1.94 si3.86 k.86 (o12 h2) | marsmineralcompendium | marsmineralcompendium/muscovite-2m1_1.cif
MarsMineralCompendium	MarsMineralCompendium/Muscovite-2M1_2.cif	Muscovite-2M1_2.cif	Muscovite-2M1_2	Muscovite2M1	Muscovite2M1			(K.92 Na.08) Si3.2 Al2.65 Ti.04 Fe.12 Mg.06 O12	muscovite-2m1_2 | muscovite2m1 | muscovite2m1 | (k.92 na.08) si3.2 al2.65 ti.04 fe.12 mg.06 o12 | marsmineralcompendium | marsmineralcompendium/muscovite-2m1_2.cif
MarsMineralCompendium	MarsMineralCompendium/Muscovite-2M1_3.cif	Muscovite-2M1_3.cif	Muscovite-2M1_3	Muscovite2M1	Muscovite2M1			(K.99 Na.01) Si3.32 Al2.37 Fe.3 Mn.06 H.3 O11.96 F.04	muscovite-2m1_3 | muscovite2m1 | muscovite2m1 | (k.99 na.01) si3.32 al2.37 fe.3 mn.06 h.3 o11.96 f.04 | marsmineralcompendium | marsmineralcompendium/muscovite-2m1_3.cif
MarsMineralCompendium	MarsMineralCompendium/Na-chlorate.cif	Na-chlorate.cif	Na-chlorate	NaChlorate	NaChlorate			Cl Na O3	na-chlorate | nachlorate | nachlorate | cl na o3 | marsmineralcompendium | marsmineralcompendium/na-chlorate.cif
MarsMineralCompendium	MarsMineralCompendium/Na-perchlorate_1.cif	Na-perchlorate_1.cif	Na-perchlorate_1	NaPerchlorate	NaPerchlorate			Cl Na O4	na-perchlorate_1 | naperchlorate | naperchlorate | cl na o4 | marsmineralcompendium | marsmineralcompendium/na-perchlorate_1.cif
MarsMineralCompendium	MarsMineralCompendium/Na-perchlorate_2.cif	Na-perchlorate_2.cif	Na-perchlorate_2	NaPerchlorate	NaPerchlorate			Cl H2 Na O5	na-perchlorate_2 | naperchlorate | naperchlorate | cl h2 na o5 | marsmineralcompendium | marsmineralcompendium/na-perchlorate_2.cif
MarsMineralCompendium	MarsMineralCompendium/NaClO4.cif	NaClO4.cif	NaClO4	NaClO4	NaClO4			Na4 Cl4 O16	naclo4 | naclo4 | naclo4 | na4 cl4 o16 | marsmineralcompendium | marsmineralcompendium/naclo4.cif
MarsMineralCompendium	MarsMineralCompendium/Natroalunite_1.cif	Natroalunite_1.cif	Natroalunite_1	Natroalunite	Natroalunite			S4 Al6 O28 K.2 Na.72 Ca.54 H12	natroalunite_1 | natroalunite | natroalunite | s4 al6 o28 k.2 na.72 ca.54 h12 | marsmineralcompendium | marsmineralcompendium/natroalunite_1.cif
MarsMineralCompendium	MarsMineralCompendium/Natroalunite_2.cif	Natroalunite_2.cif	Natroalunite_2	Natroalunite	Natroalunite			(Na.58 K.42) Al3 S2 O14 H6	natroalunite_2 | natroalunite | natroalunite | (na.58 k.42) al3 s2 o14 h6 | marsmineralcompendium | marsmineralcompendium/natroalunite_2.cif
MarsMineralCompendium	MarsMineralCompendium/Natrojarosite_1.cif	Natrojarosite_1.cif	Natrojarosite_1	Natrojarosite	Natrojarosite			Na.69 K.29 Fe3 S2 O14 H6	natrojarosite_1 | natrojarosite | natrojarosite | na.69 k.29 fe3 s2 o14 h6 | marsmineralcompendium | marsmineralcompendium/natrojarosite_1.cif
MarsMineralCompendium	MarsMineralCompendium/Natrojarosite_2.cif	Natrojarosite_2.cif	Natrojarosite_2	Natrojarosite	Natrojarosite			Na.85 K.11 Fe3 S2 O14 H6	natrojarosite_2 | natrojarosite | natrojarosite | na.85 k.11 fe3 s2 o14 h6 | marsmineralcompendium | marsmineralcompendium/natrojarosite_2.cif
MarsMineralCompendium	MarsMineralCompendium/Natrojarosite_3.cif	Natrojarosite_3.cif	Natrojarosite_3	Natrojarosite	Natrojarosite			Na Fe3 S2 O14 H6	natrojarosite_3 | natrojarosite | natrojarosite | na fe3 s2 o14 h6 | marsmineralcompendium | marsmineralcompendium/natrojarosite_3.cif
MarsMineralCompendium	MarsMineralCompendium/Natrojarosite_4.cif	Natrojarosite_4.cif	Natrojarosite_4	Natrojarosite	Natrojarosite			Na.67 H6.33 Fe3 S2 O14	natrojarosite_4 | natrojarosite | natrojarosite | na.67 h6.33 fe3 s2 o14 | marsmineralcompendium | marsmineralcompendium/natrojarosite_4.cif
MarsMineralCompendium	MarsMineralCompendium/Nontronite_1.cif	Nontronite_1.cif	Nontronite_1	Nontronite	Nontronite			Fe Si2 O6 H	nontronite_1 | nontronite | nontronite | fe si2 o6 h | marsmineralcompendium | marsmineralcompendium/nontronite_1.cif
MarsMineralCompendium	MarsMineralCompendium/Nontronite_2.cif	Nontronite_2.cif	Nontronite_2	Nontronite	Nontronite			Na.41 Fe2 Si4 O10.01	nontronite_2 | nontronite | nontronite | na.41 fe2 si4 o10.01 | marsmineralcompendium | marsmineralcompendium/nontronite_2.cif
MarsMineralCompendium	MarsMineralCompendium/Nontronite_3.cif	Nontronite_3.cif	Nontronite_3	Nontronite	Nontronite			Na.5 Fe2 (Si3.464 Al.536) O12 H2	nontronite_3 | nontronite | nontronite | na.5 fe2 (si3.464 al.536) o12 h2 | marsmineralcompendium | marsmineralcompendium/nontronite_3.cif
MarsMineralCompendium	MarsMineralCompendium/Oligoclase_1.cif	Oligoclase_1.cif	Oligoclase_1	Oligoclase	Oligoclase			(Na.821 Ca.179) (Al1.179 Si2.821) O8	oligoclase_1 | oligoclase | oligoclase | (na.821 ca.179) (al1.179 si2.821) o8 | marsmineralcompendium | marsmineralcompendium/oligoclase_1.cif
MarsMineralCompendium	MarsMineralCompendium/Oligoclase_2.cif	Oligoclase_2.cif	Oligoclase_2	Oligoclase	Oligoclase			(Na.723 Ca.277) (Al1.277 Si2.723) O8	oligoclase_2 | oligoclase | oligoclase | (na.723 ca.277) (al1.277 si2.723) o8 | marsmineralcompendium | marsmineralcompendium/oligoclase_2.cif
MarsMineralCompendium	MarsMineralCompendium/Oligoclase_3.cif	Oligoclase_3.cif	Oligoclase_3	Oligoclase	Oligoclase			(Na.821 Ca.179) (Al1.179 Si2.821) O8	oligoclase_3 | oligoclase | oligoclase | (na.821 ca.179) (al1.179 si2.821) o8 | marsmineralcompendium | marsmineralcompendium/oligoclase_3.cif
MarsMineralCompendium	MarsMineralCompendium/Oligoclase_4.cif	Oligoclase_4.cif	Oligoclase_4	Oligoclase	Oligoclase			(Na.723 Ca.277) (Al1.277 Si2.723) O8	oligoclase_4 | oligoclase | oligoclase | (na.723 ca.277) (al1.277 si2.723) o8 | marsmineralcompendium | marsmineralcompendium/oligoclase_4.cif
MarsMineralCompendium	MarsMineralCompendium/Orthoclase_1.cif	Orthoclase_1.cif	Orthoclase_1	Orthoclase	Orthoclase			K (Si3 Al) O8	orthoclase_1 | orthoclase | orthoclase | k (si3 al) o8 | marsmineralcompendium | marsmineralcompendium/orthoclase_1.cif
MarsMineralCompendium	MarsMineralCompendium/Orthoclase_2.cif	Orthoclase_2.cif	Orthoclase_2	Orthoclase	Orthoclase			(Si2.98 Al1.02) K O8	orthoclase_2 | orthoclase | orthoclase | (si2.98 al1.02) k o8 | marsmineralcompendium | marsmineralcompendium/orthoclase_2.cif
MarsMineralCompendium	MarsMineralCompendium/Orthoclase_3.cif	Orthoclase_3.cif	Orthoclase_3	Orthoclase	Orthoclase			(Si2.98 Al1.02) K O8	orthoclase_3 | orthoclase | orthoclase | (si2.98 al1.02) k o8 | marsmineralcompendium | marsmineralcompendium/orthoclase_3.cif
MarsMineralCompendium	MarsMineralCompendium/Orthopyroxene.cif	Orthopyroxene.cif	Orthopyroxene	Orthopyroxene	Orthopyroxene			Al0.028 Ca0.036 Cr0.004 Fe0.801 Mg1.128 Mn0.026 O6 Si1.986 Ti0.005	orthopyroxene | orthopyroxene | orthopyroxene | al0.028 ca0.036 cr0.004 fe0.801 mg1.128 mn0.026 o6 si1.986 ti0.005 | marsmineralcompendium | marsmineralcompendium/orthopyroxene.cif
MarsMineralCompendium	MarsMineralCompendium/PhillipsiteCa.cif	PhillipsiteCa.cif	PhillipsiteCa	PhillipsiteCa	PhillipsiteCa			K Ca.82 (Al2.672 Si5.328) O22 H12	phillipsiteca | phillipsiteca | phillipsiteca | k ca.82 (al2.672 si5.328) o22 h12 | marsmineralcompendium | marsmineralcompendium/phillipsiteca.cif
MarsMineralCompendium	MarsMineralCompendium/PhillipsiteK.cif	PhillipsiteK.cif	PhillipsiteK	PhillipsiteK	PhillipsiteK			K1.22 Ca.78 Na.41 (Si4.8 Al3.2) O21.13 H10.26	phillipsitek | phillipsitek | phillipsitek | k1.22 ca.78 na.41 (si4.8 al3.2) o21.13 h10.26 | marsmineralcompendium | marsmineralcompendium/phillipsitek.cif
MarsMineralCompendium	MarsMineralCompendium/Pigeonite-Clark-Lunar.cif	Pigeonite-Clark-Lunar.cif	Pigeonite-Clark-Lunar	Pigeonite	Pigeonite			(Mg.54 Fe.46) Si O3	pigeonite-clark-lunar | pigeonite | pigeonite | (mg.54 fe.46) si o3 | marsmineralcompendium | marsmineralcompendium/pigeonite-clark-lunar.cif
MarsMineralCompendium	MarsMineralCompendium/Pigeonite_1.cif	Pigeonite_1.cif	Pigeonite_1	Pigeonite	Pigeonite			(Mg.54 Fe.46) Si O3	pigeonite_1 | pigeonite | pigeonite | (mg.54 fe.46) si o3 | marsmineralcompendium | marsmineralcompendium/pigeonite_1.cif
MarsMineralCompendium	MarsMineralCompendium/Pigeonite_2.cif	Pigeonite_2.cif	Pigeonite_2	Pigeonite	Pigeonite			Ca.2 Fe1.12 Mg.68 Si2 O6	pigeonite_2 | pigeonite | pigeonite | ca.2 fe1.12 mg.68 si2 o6 | marsmineralcompendium | marsmineralcompendium/pigeonite_2.cif
MarsMineralCompendium	MarsMineralCompendium/Pigeonite_3.cif	Pigeonite_3.cif	Pigeonite_3	Pigeonite	Pigeonite			Al0.016 Ca0.191 Fe0.847 Mg0.92 Mn0.029 Na0.003 O6 Si1.984 Ti0.01	pigeonite_3 | pigeonite | pigeonite | al0.016 ca0.191 fe0.847 mg0.92 mn0.029 na0.003 o6 si1.984 ti0.01 | marsmineralcompendium | marsmineralcompendium/pigeonite_3.cif
MarsMineralCompendium	MarsMineralCompendium/Pigeonite_4.cif	Pigeonite_4.cif	Pigeonite_4	Pigeonite	Pigeonite			Al0.016 Ca0.191 Fe0.848 Mg0.919 Mn0.029 Na0.003 O6 Si1.984 Ti0.01	pigeonite_4 | pigeonite | pigeonite | al0.016 ca0.191 fe0.848 mg0.919 mn0.029 na0.003 o6 si1.984 ti0.01 | marsmineralcompendium | marsmineralcompendium/pigeonite_4.cif
MarsMineralCompendium	MarsMineralCompendium/Pigeonite_5.cif	Pigeonite_5.cif	Pigeonite_5	Pigeonite	Pigeonite			Ca0.2 Fe1.12 Mg0.68 O6 Si2	pigeonite_5 | pigeonite | pigeonite | ca0.2 fe1.12 mg0.68 o6 si2 | marsmineralcompendium | marsmineralcompendium/pigeonite_5.cif
MarsMineralCompendium	MarsMineralCompendium/Pyrophyllite_1.cif	Pyrophyllite_1.cif	Pyrophyllite_1	Pyrophyllite	Pyrophyllite			Al Si2 O6 H	pyrophyllite_1 | pyrophyllite | pyrophyllite | al si2 o6 h | marsmineralcompendium | marsmineralcompendium/pyrophyllite_1.cif
MarsMineralCompendium	MarsMineralCompendium/Pyrophyllite_2.cif	Pyrophyllite_2.cif	Pyrophyllite_2	Pyrophyllite	Pyrophyllite			Al Si2 O6 H	pyrophyllite_2 | pyrophyllite | pyrophyllite | al si2 o6 h | marsmineralcompendium | marsmineralcompendium/pyrophyllite_2.cif
MarsMineralCompendium	MarsMineralCompendium/Pyrophyllite_3.cif	Pyrophyllite_3.cif	Pyrophyllite_3	Pyrophyllite	Pyrophyllite			Al2 Si4 O11	pyrophyllite_3 | pyrophyllite | pyrophyllite | al2 si4 o11 | marsmineralcompendium | marsmineralcompendium/pyrophyllite_3.cif
MarsMineralCompendium	MarsMineralCompendium/Pyrrhotite_1.cif	Pyrrhotite_1.cif	Pyrrhotite_1	Pyrrhotite	Pyrrhotite			Fe17.574 Ni.24 S20	pyrrhotite_1 | pyrrhotite | pyrrhotite | fe17.574 ni.24 s20 | marsmineralcompendium | marsmineralcompendium/pyrrhotite_1.cif
MarsMineralCompendium	MarsMineralCompendium/Pyrrhotite_2.cif	Pyrrhotite_2.cif	Pyrrhotite_2	Pyrrhotite	Pyrrhotite			Fe2.747 Ni.253 S3	pyrrhotite_2 | pyrrhotite | pyrrhotite | fe2.747 ni.253 s3 | marsmineralcompendium | marsmineralcompendium/pyrrhotite_2.cif
MarsMineralCompendium	MarsMineralCompendium/Quartz_1.cif	Quartz_1.cif	Quartz_1	Quartz	Quartz			Si O2	quartz_1 | quartz | quartz | si o2 | marsmineralcompendium | marsmineralcompendium/quartz_1.cif
MarsMineralCompendium	MarsMineralCompendium/Quartz_2.cif	Quartz_2.cif	Quartz_2	Quartz	Quartz			Si O2	quartz_2 | quartz | quartz | si o2 | marsmineralcompendium | marsmineralcompendium/quartz_2.cif
MarsMineralCompendium	MarsMineralCompendium/Quartz_3.cif	Quartz_3.cif	Quartz_3	Quartz	Quartz			Si O2	quartz_3 | quartz | quartz | si o2 | marsmineralcompendium | marsmineralcompendium/quartz_3.cif
MarsMineralCompendium	MarsMineralCompendium/Quartz_4.cif	Quartz_4.cif	Quartz_4	Quartz	Quartz			Si O2	quartz_4 | quartz | quartz | si o2 | marsmineralcompendium | marsmineralcompendium/quartz_4.cif
MarsMineralCompendium	MarsMineralCompendium/Quartz_5.cif	Quartz_5.cif	Quartz_5	Quartz	Quartz			Si O2	quartz_5 | quartz | quartz | si o2 | marsmineralcompendium | marsmineralcompendium/quartz_5.cif
MarsMineralCompendium	MarsMineralCompendium/Rhomboclase_1.cif	Rhomboclase_1.cif	Rhomboclase_1	Rhomboclase	Rhomboclase			Fe S2 O12 H7	rhomboclase_1 | rhomboclase | rhomboclase | fe s2 o12 h7 | marsmineralcompendium | marsmineralcompendium/rhomboclase_1.cif
MarsMineralCompendium	MarsMineralCompendium/Rhomboclase_2.cif	Rhomboclase_2.cif	Rhomboclase_2	Rhomboclase	Rhomboclase			Fe S2 O12 H9	rhomboclase_2 | rhomboclase | rhomboclase | fe s2 o12 h9 | marsmineralcompendium | marsmineralcompendium/rhomboclase_2.cif
MarsMineralCompendium	MarsMineralCompendium/Rozenite.cif	Rozenite.cif	Rozenite	Rozenite	Rozenite			Fe S O8 H8	rozenite | rozenite | rozenite | fe s o8 h8 | marsmineralcompendium | marsmineralcompendium/rozenite.cif
MarsMineralCompendium	MarsMineralCompendium/Sanderite.cif	Sanderite.cif	Sanderite	Sanderite	Sanderite			Mg S O6 H4	sanderite | sanderite | sanderite | mg s o6 h4 | marsmineralcompendium | marsmineralcompendium/sanderite.cif
MarsMineralCompendium	MarsMineralCompendium/Sanidine_1.cif	Sanidine_1.cif	Sanidine_1	Sanidine	Sanidine			K (Al Si3) O8	sanidine_1 | sanidine | sanidine | k (al si3) o8 | marsmineralcompendium | marsmineralcompendium/sanidine_1.cif
MarsMineralCompendium	MarsMineralCompendium/Sanidine_2.cif	Sanidine_2.cif	Sanidine_2	Sanidine	Sanidine			K (Al Si3) O8	sanidine_2 | sanidine | sanidine | k (al si3) o8 | marsmineralcompendium | marsmineralcompendium/sanidine_2.cif
MarsMineralCompendium	MarsMineralCompendium/Sanidine_3.cif	Sanidine_3.cif	Sanidine_3	Sanidine	Sanidine			(Si3 Al) K O8	sanidine_3 | sanidine | sanidine | (si3 al) k o8 | marsmineralcompendium | marsmineralcompendium/sanidine_3.cif
MarsMineralCompendium	MarsMineralCompendium/Sanidine_4.cif	Sanidine_4.cif	Sanidine_4	Sanidine	Sanidine			Al K0.65 Na0.35 O8 Si3	sanidine_4 | sanidine | sanidine | al k0.65 na0.35 o8 si3 | marsmineralcompendium | marsmineralcompendium/sanidine_4.cif
MarsMineralCompendium	MarsMineralCompendium/Sanidine_5.cif	Sanidine_5.cif	Sanidine_5	Sanidine	Sanidine			K (Si3 Al) O8	sanidine_5 | sanidine | sanidine | k (si3 al) o8 | marsmineralcompendium | marsmineralcompendium/sanidine_5.cif
MarsMineralCompendium	MarsMineralCompendium/Schwertmannite_1.cif	Schwertmannite_1.cif	Schwertmannite_1	Schwertmannite	Schwertmannite			Fe O2	schwertmannite_1 | schwertmannite | schwertmannite | fe o2 | marsmineralcompendium | marsmineralcompendium/schwertmannite_1.cif
MarsMineralCompendium	MarsMineralCompendium/Schwertmannite_2.cif	Schwertmannite_2.cif	Schwertmannite_2	Schwertmannite	Schwertmannite			Fe8 O17	schwertmannite_2 | schwertmannite | schwertmannite | fe8 o17 | marsmineralcompendium | marsmineralcompendium/schwertmannite_2.cif
MarsMineralCompendium	MarsMineralCompendium/Sepiolite_1.cif	Sepiolite_1.cif	Sepiolite_1	Sepiolite	Sepiolite			Mg4 Si6 O22.91 H13.82	sepiolite_1 | sepiolite | sepiolite | mg4 si6 o22.91 h13.82 | marsmineralcompendium | marsmineralcompendium/sepiolite_1.cif
MarsMineralCompendium	MarsMineralCompendium/Sepiolite_2.cif	Sepiolite_2.cif	Sepiolite_2	Sepiolite	Sepiolite			Mg4 Si6 O22.82 H13.64	sepiolite_2 | sepiolite | sepiolite | mg4 si6 o22.82 h13.64 | marsmineralcompendium | marsmineralcompendium/sepiolite_2.cif
MarsMineralCompendium	MarsMineralCompendium/Siderite.cif	Siderite.cif	Siderite	Siderite	Siderite			Fe ( C O3 )	siderite | siderite | siderite | fe ( c o3 ) | marsmineralcompendium | marsmineralcompendium/siderite.cif
MarsMineralCompendium	MarsMineralCompendium/Starkeyite_1.cif	Starkeyite_1.cif	Starkeyite_1	Starkeyite	Starkeyite			Mg S O8 H8	starkeyite_1 | starkeyite | starkeyite | mg s o8 h8 | marsmineralcompendium | marsmineralcompendium/starkeyite_1.cif
MarsMineralCompendium	MarsMineralCompendium/Starkeyite_2.cif	Starkeyite_2.cif	Starkeyite_2	Starkeyite	Starkeyite			Mg S O8 H8	starkeyite_2 | starkeyite | starkeyite | mg s o8 h8 | marsmineralcompendium | marsmineralcompendium/starkeyite_2.cif
MarsMineralCompendium	MarsMineralCompendium/Stichovite_1.cif	Stichovite_1.cif	Stichovite_1	Stishovite	Stishovite			Si O2	stichovite_1 | stishovite | stishovite | si o2 | marsmineralcompendium | marsmineralcompendium/stichovite_1.cif
MarsMineralCompendium	MarsMineralCompendium/Stichovite_2.cif	Stichovite_2.cif	Stichovite_2	Stishovite	Stishovite			Si O2	stichovite_2 | stishovite | stishovite | si o2 | marsmineralcompendium | marsmineralcompendium/stichovite_2.cif
MarsMineralCompendium	MarsMineralCompendium/Stichovite_3.cif	Stichovite_3.cif	Stichovite_3	Stishovite	Stishovite			Si O2	stichovite_3 | stishovite | stishovite | si o2 | marsmineralcompendium | marsmineralcompendium/stichovite_3.cif
MarsMineralCompendium	MarsMineralCompendium/Szomolnokite.cif	Szomolnokite.cif	Szomolnokite	Szomolnokite	Szomolnokite			Fe S O5 H2	szomolnokite | szomolnokite | szomolnokite | fe s o5 h2 | marsmineralcompendium | marsmineralcompendium/szomolnokite.cif
MarsMineralCompendium	MarsMineralCompendium/Talc.cif	Talc.cif	Talc	Talc	Talc			Si4 Mg3 O12 H2	talc | talc | talc | si4 mg3 o12 h2 | marsmineralcompendium | marsmineralcompendium/talc.cif
MarsMineralCompendium	MarsMineralCompendium/Titanomaghemite.cif	Titanomaghemite.cif	Titanomaghemite	Titanomaghemite	Titanomaghemite			Fe2.18 O4 Ti0.42	titanomaghemite | titanomaghemite | titanomaghemite | fe2.18 o4 ti0.42 | marsmineralcompendium | marsmineralcompendium/titanomaghemite.cif
MarsMineralCompendium	MarsMineralCompendium/TridymiteLow.cif	TridymiteLow.cif	TridymiteLow	TridymiteLow	TridymiteLow			?	tridymitelow | tridymitelow | tridymitelow | ? | marsmineralcompendium | marsmineralcompendium/tridymitelow.cif
MarsMineralCompendium	MarsMineralCompendium/Troilite_1.cif	Troilite_1.cif	Troilite_1	Troilite	Troilite			Fe S	troilite_1 | troilite | troilite | fe s | marsmineralcompendium | marsmineralcompendium/troilite_1.cif
MarsMineralCompendium	MarsMineralCompendium/Troilite_2.cif	Troilite_2.cif	Troilite_2	Troilite	Troilite			Fe S	troilite_2 | troilite | troilite | fe s | marsmineralcompendium | marsmineralcompendium/troilite_2.cif
MarsMineralCompendium	MarsMineralCompendium/Vermiculite_1.cif	Vermiculite_1.cif	Vermiculite_1	Vermiculite	Vermiculite			Mg3 Si4 (O12 H2)	vermiculite_1 | vermiculite | vermiculite | mg3 si4 (o12 h2) | marsmineralcompendium | marsmineralcompendium/vermiculite_1.cif
MarsMineralCompendium	MarsMineralCompendium/Vermiculite_2.cif	Vermiculite_2.cif	Vermiculite_2	Vermiculite	Vermiculite			Mg3 (O12 Si4) H2	vermiculite_2 | vermiculite | vermiculite | mg3 (o12 si4) h2 | marsmineralcompendium | marsmineralcompendium/vermiculite_2.cif
MarsMineralCompendium	MarsMineralCompendium/Vermiculite_3.cif	Vermiculite_3.cif	Vermiculite_3	Vermiculite	Vermiculite			Mg1.338 Fe.24 Al.721 Si1.36 O9 H3	vermiculite_3 | vermiculite | vermiculite | mg1.338 fe.24 al.721 si1.36 o9 h3 | marsmineralcompendium | marsmineralcompendium/vermiculite_3.cif
MarsMineralCompendium	MarsMineralCompendium/Vermiculite_4.cif	Vermiculite_4.cif	Vermiculite_4	Vermiculite	Vermiculite			Al0.721 Fe0.24 H3 Mg1.338 O9 Si1.36	vermiculite_4 | vermiculite | vermiculite | al0.721 fe0.24 h3 mg1.338 o9 si1.36 | marsmineralcompendium | marsmineralcompendium/vermiculite_4.cif
MetalsAlloysOxides	MetalsAlloysOxides/Ag.cif	Ag.cif	Ag	Ag	Ag			Ag	ag | ag | ag | ag | metalsalloysoxides | metalsalloysoxides/ag.cif
MetalsAlloysOxides	MetalsAlloysOxides/Al.cif	Al.cif	Al	Al	Al			Al	al | al | al | al | metalsalloysoxides | metalsalloysoxides/al.cif
MetalsAlloysOxides	MetalsAlloysOxides/Al2O3-beta-Na.cif	Al2O3-beta-Na.cif	Al2O3-beta-Na	Sodium11aluminiumoxide	Sodium11aluminiumoxide			Al11 Na O17	al2o3-beta-na | sodium11aluminiumoxide | sodium11aluminiumoxide | al11 na o17 | metalsalloysoxides | metalsalloysoxides/al2o3-beta-na.cif
MetalsAlloysOxides	MetalsAlloysOxides/Brucite_MgO.cif	Brucite_MgO.cif	Brucite_MgO	Brucite	Brucite			Mg ( O H )2	brucite_mgo | brucite | brucite | mg ( o h )2 | metalsalloysoxides | metalsalloysoxides/brucite_mgo.cif
MetalsAlloysOxides	MetalsAlloysOxides/Ce2O3cubic.cif	Ce2O3cubic.cif	Ce2O3cubic	Ce2O3cubic	Ce2O3cubic			Ce2 O3	ce2o3cubic | ce2o3cubic | ce2o3cubic | ce2 o3 | metalsalloysoxides | metalsalloysoxides/ce2o3cubic.cif
MetalsAlloysOxides	MetalsAlloysOxides/Ce2O3trigonal.cif	Ce2O3trigonal.cif	Ce2O3trigonal	Ce2O3trigonal	Ce2O3trigonal			Ce2 O3	ce2o3trigonal | ce2o3trigonal | ce2o3trigonal | ce2 o3 | metalsalloysoxides | metalsalloysoxides/ce2o3trigonal.cif
MetalsAlloysOxides	MetalsAlloysOxides/CeO2.cif	CeO2.cif	CeO2	CeO2	CeO2			Ce O2	ceo2 | ceo2 | ceo2 | ce o2 | metalsalloysoxides | metalsalloysoxides/ceo2.cif
MetalsAlloysOxides	MetalsAlloysOxides/Co.cif	Co.cif	Co	Cobalt	Cobalt			Co	co | cobalt | cobalt | co | metalsalloysoxides | metalsalloysoxides/co.cif
MetalsAlloysOxides	MetalsAlloysOxides/Cr17Fe6C6.cif	Cr17Fe6C6.cif	Cr17Fe6C6	ChromiumIronCarbide	ChromiumIronCarbide			Cr17 Fe6 C6	cr17fe6c6 | chromiumironcarbide | chromiumironcarbide | cr17 fe6 c6 | metalsalloysoxides | metalsalloysoxides/cr17fe6c6.cif
MetalsAlloysOxides	MetalsAlloysOxides/Cr23C6.cif	Cr23C6.cif	Cr23C6	ChromiumCarbide	ChromiumCarbide			Cr23 C6	cr23c6 | chromiumcarbide | chromiumcarbide | cr23 c6 | metalsalloysoxides | metalsalloysoxides/cr23c6.cif
MetalsAlloysOxides	MetalsAlloysOxides/Cr23C6-iron-bearing.cif	Cr23C6-iron-bearing.cif	Cr23C6-iron-bearing	ChromiumIronCarbide	ChromiumIronCarbide			Cr15.58 Fe7.42 C6	cr23c6-iron-bearing | chromiumironcarbide | chromiumironcarbide | cr15.58 fe7.42 c6 | metalsalloysoxides | metalsalloysoxides/cr23c6-iron-bearing.cif
MetalsAlloysOxides	MetalsAlloysOxides/Cr7C3.cif	Cr7C3.cif	Cr7C3	ChromiumCarbide	ChromiumCarbide			C3 Cr7	cr7c3 | chromiumcarbide | chromiumcarbide | c3 cr7 | metalsalloysoxides | metalsalloysoxides/cr7c3.cif
MetalsAlloysOxides	MetalsAlloysOxides/Cu.cif	Cu.cif	Cu	Coppersyn	Coppersyn			Cu	cu | coppersyn | coppersyn | cu | metalsalloysoxides | metalsalloysoxides/cu.cif
MetalsAlloysOxides	MetalsAlloysOxides/CuTi.cif	CuTi.cif	CuTi	CuTi	CuTi			Cu Ti	cuti | cuti | cuti | cu ti | metalsalloysoxides | metalsalloysoxides/cuti.cif
MetalsAlloysOxides	MetalsAlloysOxides/CuTi2.cif	CuTi2.cif	CuTi2	CuTi2	CuTi2			Cu Ti2	cuti2 | cuti2 | cuti2 | cu ti2 | metalsalloysoxides | metalsalloysoxides/cuti2.cif
MetalsAlloysOxides	MetalsAlloysOxides/DiytterbiumdiiridateIV.cif	DiytterbiumdiiridateIV.cif	DiytterbiumdiiridateIV	DiytterbiumdiiridateIV	DiytterbiumdiiridateIV			Ir2 O6.97 Yb2	diytterbiumdiiridateiv | diytterbiumdiiridateiv | diytterbiumdiiridateiv | ir2 o6.97 yb2 | metalsalloysoxides | metalsalloysoxides/diytterbiumdiiridateiv.cif
MetalsAlloysOxides	MetalsAlloysOxides/DiytterbiumdiruthenateIV.cif	DiytterbiumdiruthenateIV.cif	DiytterbiumdiruthenateIV	DiytterbiumdiruthenateIV	DiytterbiumdiruthenateIV			O7 Ru2 Yb2	diytterbiumdiruthenateiv | diytterbiumdiruthenateiv | diytterbiumdiruthenateiv | o7 ru2 yb2 | metalsalloysoxides | metalsalloysoxides/diytterbiumdiruthenateiv.cif
MetalsAlloysOxides	MetalsAlloysOxides/Fe.cif	Fe.cif	Fe	Iron	Iron			Fe	fe | iron | iron | fe | metalsalloysoxides | metalsalloysoxides/fe.cif
MetalsAlloysOxides	MetalsAlloysOxides/Fe-alphaFerrite.cif	Fe-alphaFerrite.cif	Fe-alphaFerrite	alphaFerrite	alphaFerrite			Fe	fe-alphaferrite | alphaferrite | alphaferrite | fe | metalsalloysoxides | metalsalloysoxides/fe-alphaferrite.cif
MetalsAlloysOxides	MetalsAlloysOxides/Fe-Austenite.cif	Fe-Austenite.cif	Fe-Austenite	FeAustenite	FeAustenite			Fe	fe-austenite | feaustenite | feaustenite | fe | metalsalloysoxides | metalsalloysoxides/fe-austenite.cif
MetalsAlloysOxides	MetalsAlloysOxides/Fe-Cementite.cif	Fe-Cementite.cif	Fe-Cementite	FeCementite	FeCementite			Fe3 C	fe-cementite | fecementite | fecementite | fe3 c | metalsalloysoxides | metalsalloysoxides/fe-cementite.cif
MetalsAlloysOxides	MetalsAlloysOxides/Fe-Martensite.cif	Fe-Martensite.cif	Fe-Martensite	FeMartensite	FeMartensite			Fe C0.016	fe-martensite | femartensite | femartensite | fe c0.016 | metalsalloysoxides | metalsalloysoxides/fe-martensite.cif
MetalsAlloysOxides	MetalsAlloysOxides/FeAg.cif	FeAg.cif	FeAg	FeAg	FeAg			Fe0.78 Ag0.22	feag | feag | feag | fe0.78 ag0.22 | metalsalloysoxides | metalsalloysoxides/feag.cif
MetalsAlloysOxides	MetalsAlloysOxides/Mn2O3.cif	Mn2O3.cif	Mn2O3	ManganeseOxide	ManganeseOxide			Mn2 O3	mn2o3 | manganeseoxide | manganeseoxide | mn2 o3 | metalsalloysoxides | metalsalloysoxides/mn2o3.cif
MetalsAlloysOxides	MetalsAlloysOxides/Mo.cif	Mo.cif	Mo	Molybdenum	Molybdenum			Mo	mo | molybdenum | molybdenum | mo | metalsalloysoxides | metalsalloysoxides/mo.cif
MetalsAlloysOxides	MetalsAlloysOxides/Mo2C.cif	Mo2C.cif	Mo2C	MolybdenumCarbide	MolybdenumCarbide			Mo2 C	mo2c | molybdenumcarbide | molybdenumcarbide | mo2 c | metalsalloysoxides | metalsalloysoxides/mo2c.cif
MetalsAlloysOxides	MetalsAlloysOxides/Nb095O175F125.cif	Nb095O175F125.cif	Nb095O175F125	NiobiumOxideFluoride	NiobiumOxideFluoride			Nb0.95 O1.75 F1.25	nb095o175f125 | niobiumoxidefluoride | niobiumoxidefluoride | nb0.95 o1.75 f1.25 | metalsalloysoxides | metalsalloysoxides/nb095o175f125.cif
MetalsAlloysOxides	MetalsAlloysOxides/Nb2O2F3.cif	Nb2O2F3.cif	Nb2O2F3	NiobiumOxideFluoride	NiobiumOxideFluoride			Nb2 O2 F3	nb2o2f3 | niobiumoxidefluoride | niobiumoxidefluoride | nb2 o2 f3 | metalsalloysoxides | metalsalloysoxides/nb2o2f3.cif
MetalsAlloysOxides	MetalsAlloysOxides/Nb2O5-MonoclinicC2_c.cif	Nb2O5-MonoclinicC2_c.cif	Nb2O5-MonoclinicC2_c	NiobiumOxide	NiobiumOxide			Nb2 O5	nb2o5-monoclinicc2_c | niobiumoxide | niobiumoxide | nb2 o5 | metalsalloysoxides | metalsalloysoxides/nb2o5-monoclinicc2_c.cif
MetalsAlloysOxides	MetalsAlloysOxides/Nb2O5-MonoclinicC2_m-1.cif	Nb2O5-MonoclinicC2_m-1.cif	Nb2O5-MonoclinicC2_m-1	NiobiumOxide	NiobiumOxide			Nb2 O5	nb2o5-monoclinicc2_m-1 | niobiumoxide | niobiumoxide | nb2 o5 | metalsalloysoxides | metalsalloysoxides/nb2o5-monoclinicc2_m-1.cif
MetalsAlloysOxides	MetalsAlloysOxides/Nb2O5-MonoclinicC2_m-2.cif	Nb2O5-MonoclinicC2_m-2.cif	Nb2O5-MonoclinicC2_m-2	NiobiumOxide	NiobiumOxide			Nb2 O5	nb2o5-monoclinicc2_m-2 | niobiumoxide | niobiumoxide | nb2 o5 | metalsalloysoxides | metalsalloysoxides/nb2o5-monoclinicc2_m-2.cif
MetalsAlloysOxides	MetalsAlloysOxides/Nb2O5-MonoclinicP.cif	Nb2O5-MonoclinicP.cif	Nb2O5-MonoclinicP	NiobiumOxide	NiobiumOxide			Nb2 O5	nb2o5-monoclinicp | niobiumoxide | niobiumoxide | nb2 o5 | metalsalloysoxides | metalsalloysoxides/nb2o5-monoclinicp.cif
MetalsAlloysOxides	MetalsAlloysOxides/Nb3O7F.cif	Nb3O7F.cif	Nb3O7F	NiobiumOxideFluoride	NiobiumOxideFluoride			Nb3 O7 F	nb3o7f | niobiumoxidefluoride | niobiumoxidefluoride | nb3 o7 f | metalsalloysoxides | metalsalloysoxides/nb3o7f.cif
MetalsAlloysOxides	MetalsAlloysOxides/Nb9PO25.cif	Nb9PO25.cif	Nb9PO25	NiobiumPhosphorusOxide	NiobiumPhosphorusOxide			Nb9 P O25	nb9po25 | niobiumphosphorusoxide | niobiumphosphorusoxide | nb9 p o25 | metalsalloysoxides | metalsalloysoxides/nb9po25.cif
MetalsAlloysOxides	MetalsAlloysOxides/NbO02F2_8.cif	NbO02F2_8.cif	NbO02F2_8	NiobiumOxideFluoride	NiobiumOxideFluoride			Nb O0.2 F2.8	nbo02f2_8 | niobiumoxidefluoride | niobiumoxidefluoride | nb o0.2 f2.8 | metalsalloysoxides | metalsalloysoxides/nbo02f2_8.cif
MetalsAlloysOxides	MetalsAlloysOxides/NbO04F2_6.cif	NbO04F2_6.cif	NbO04F2_6	NiobiumOxideFluoride	NiobiumOxideFluoride			Nb O0.4 F2.6	nbo04f2_6 | niobiumoxidefluoride | niobiumoxidefluoride | nb o0.4 f2.6 | metalsalloysoxides | metalsalloysoxides/nbo04f2_6.cif
MetalsAlloysOxides	MetalsAlloysOxides/NbO2.cif	NbO2.cif	NbO2	NiobiumOxide	NiobiumOxide			Nb O2	nbo2 | niobiumoxide | niobiumoxide | nb o2 | metalsalloysoxides | metalsalloysoxides/nbo2.cif
MetalsAlloysOxides	MetalsAlloysOxides/NbO2F.cif	NbO2F.cif	NbO2F	NiobiumOxideFluoride	NiobiumOxideFluoride			Nb O2 F	nbo2f | niobiumoxidefluoride | niobiumoxidefluoride | nb o2 f | metalsalloysoxides | metalsalloysoxides/nbo2f.cif
MetalsAlloysOxides	MetalsAlloysOxides/NbOF3.cif	NbOF3.cif	NbOF3	NiobiumOxideFluoride	NiobiumOxideFluoride			Nb O F3	nbof3 | niobiumoxidefluoride | niobiumoxidefluoride | nb o f3 | metalsalloysoxides | metalsalloysoxides/nbof3.cif
MetalsAlloysOxides	MetalsAlloysOxides/Ni.cif	Ni.cif	Ni	Nickel	Nickel			Ni	ni | nickel | nickel | ni | metalsalloysoxides | metalsalloysoxides/ni.cif
MetalsAlloysOxides	MetalsAlloysOxides/Ni3Al.cif	Ni3Al.cif	Ni3Al	Ni3Al	Ni3Al			Ni3 Al	ni3al | ni3al | ni3al | ni3 al | metalsalloysoxides | metalsalloysoxides/ni3al.cif
MetalsAlloysOxides	MetalsAlloysOxides/NiAl.cif	NiAl.cif	NiAl	NiAl	NiAl			Ni Al	nial | nial | nial | ni al | metalsalloysoxides | metalsalloysoxides/nial.cif
MetalsAlloysOxides	MetalsAlloysOxides/NiobiumOxide.cif	NiobiumOxide.cif	NiobiumOxide	NiobiumOxide	NiobiumOxide			Nb8.4 O21	niobiumoxide | niobiumoxide | niobiumoxide | nb8.4 o21 | metalsalloysoxides | metalsalloysoxides/niobiumoxide.cif
MetalsAlloysOxides	MetalsAlloysOxides/NiobiumPhosphateOxide.cif	NiobiumPhosphateOxide.cif	NiobiumPhosphateOxide	NiobiumPhosphateOxide	NiobiumPhosphateOxide			Nb9 P1.25 O25	niobiumphosphateoxide | niobiumphosphateoxide | niobiumphosphateoxide | nb9 p1.25 o25 | metalsalloysoxides | metalsalloysoxides/niobiumphosphateoxide.cif
MetalsAlloysOxides	MetalsAlloysOxides/NiTi.cif	NiTi.cif	NiTi	NickelTitanium	NickelTitanium			Ti Ni	niti | nickeltitanium | nickeltitanium | ti ni | metalsalloysoxides | metalsalloysoxides/niti.cif
MetalsAlloysOxides	MetalsAlloysOxides/Si.cif	Si.cif	Si	Si	Si			Si	si | si | si | si | metalsalloysoxides | metalsalloysoxides/si.cif
MetalsAlloysOxides	MetalsAlloysOxides/SiO2_cod_4124041.cif	SiO2_cod_4124041.cif	SiO2_cod_4124041	SiO2	SiO2			O2 Si	sio2_cod_4124041 | sio2 | sio2 | o2 si | metalsalloysoxides | metalsalloysoxides/sio2_cod_4124041.cif
MetalsAlloysOxides	MetalsAlloysOxides/SiO2_cod_4124042.cif	SiO2_cod_4124042.cif	SiO2_cod_4124042	SiO2	SiO2			O2 Si	sio2_cod_4124042 | sio2 | sio2 | o2 si | metalsalloysoxides | metalsalloysoxides/sio2_cod_4124042.cif
MetalsAlloysOxides	MetalsAlloysOxides/SiO2_cod_4124084.cif	SiO2_cod_4124084.cif	SiO2_cod_4124084	SiO2	SiO2			O2 Si	sio2_cod_4124084 | sio2 | sio2 | o2 si | metalsalloysoxides | metalsalloysoxides/sio2_cod_4124084.cif
MetalsAlloysOxides	MetalsAlloysOxides/Ta2O5.cif	Ta2O5.cif	Ta2O5	TantalumOxide	TantalumOxide			Ta2 O5	ta2o5 | tantalumoxide | tantalumoxide | ta2 o5 | metalsalloysoxides | metalsalloysoxides/ta2o5.cif
MetalsAlloysOxides	MetalsAlloysOxides/ThoriumNiobiumTungstenOxide.cif	ThoriumNiobiumTungstenOxide.cif	ThoriumNiobiumTungstenOxide	ThoriumNiobiumTungstenOxide	ThoriumNiobiumTungstenOxide			Th0.03 Nb0.12 W0.88 O3	thoriumniobiumtungstenoxide | thoriumniobiumtungstenoxide | thoriumniobiumtungstenoxide | th0.03 nb0.12 w0.88 o3 | metalsalloysoxides | metalsalloysoxides/thoriumniobiumtungstenoxide.cif
MetalsAlloysOxides	MetalsAlloysOxides/Ti-ccp.cif	Ti-ccp.cif	Ti-ccp	Ti_ccp	Ti-ccp			Ti	ti-ccp | ti_ccp | ti-ccp | ti | metalsalloysoxides | metalsalloysoxides/ti-ccp.cif
MetalsAlloysOxides	MetalsAlloysOxides/Ti-hcp.cif	Ti-hcp.cif	Ti-hcp	Ti_ccp	Ti-ccp			Ti	ti-hcp | ti_ccp | ti-ccp | ti | metalsalloysoxides | metalsalloysoxides/ti-hcp.cif
MetalsAlloysOxides	MetalsAlloysOxides/TiVAl-ccp.cif	TiVAl-ccp.cif	TiVAl-ccp	TiVAl_ccp	TiVAl-ccp			Ti0.76 V0.18 Al0.06	tival-ccp | tival_ccp | tival-ccp | ti0.76 v0.18 al0.06 | metalsalloysoxides | metalsalloysoxides/tival-ccp.cif
MetalsAlloysOxides	MetalsAlloysOxides/TiVAl-hcp.cif	TiVAl-hcp.cif	TiVAl-hcp	TiVAl_hcp	TiVAl-hcp			Ti0.862 V0.036 Al0.102	tival-hcp | tival_hcp | tival-hcp | ti0.862 v0.036 al0.102 | metalsalloysoxides | metalsalloysoxides/tival-hcp.cif
MetalsAlloysOxides	MetalsAlloysOxides/YFe2O4.cif	YFe2O4.cif	YFe2O4	YttriumIronOxide	YttriumIronOxide			Y Fe2 O4	yfe2o4 | yttriumironoxide | yttriumironoxide | y fe2 o4 | metalsalloysoxides | metalsalloysoxides/yfe2o4.cif
MetalsAlloysOxides	MetalsAlloysOxides/Zn.cif	Zn.cif	Zn	Zinc	Zinc			Zn	zn | zinc | zinc | zn | metalsalloysoxides | metalsalloysoxides/zn.cif
Minerals	Minerals/Akermanite.cif	Akermanite.cif	Akermanite	Akermanite	Akermanite			Ca2 Mg O7 Si2	akermanite | akermanite | akermanite | ca2 mg o7 si2 | minerals | minerals/akermanite.cif
Minerals	Minerals/Albite.cif	Albite.cif	Albite	Albite	Albite			Na Al Si3 O8	albite | albite | albite | na al si3 o8 | minerals | minerals/albite.cif
Minerals	Minerals/Anatase.cif	Anatase.cif	Anatase	Anatase	Anatase			Ti O2	anatase | anatase | anatase | ti o2 | minerals | minerals/anatase.cif
Minerals	Minerals/Andalusite.cif	Andalusite.cif	Andalusite	Andalusite	Andalusite			Al2 ( Si O4 ) O	andalusite | andalusite | andalusite | al2 ( si o4 ) o | minerals | minerals/andalusite.cif
Minerals	Minerals/Anhydrite.cif	Anhydrite.cif	Anhydrite	Anhydrite	Anhydrite			Ca (SO4)	anhydrite | anhydrite | anhydrite | ca (so4) | minerals | minerals/anhydrite.cif
Minerals	Minerals/Aragonite.cif	Aragonite.cif	Aragonite	Aragonite	Aragonite			Ca (CO3)	aragonite | aragonite | aragonite | ca (co3) | minerals | minerals/aragonite.cif
Minerals	Minerals/Arcanite.cif	Arcanite.cif	Arcanite	K2SO4	K2SO4			K2 (SO4)	arcanite | k2so4 | k2so4 | k2 (so4) | minerals | minerals/arcanite.cif
Minerals	Minerals/Ardealite.cif	Ardealite.cif	Ardealite	Ardealite	Ardealite			Ca2 H (PO4) (SO4) (H2O)4	ardealite | ardealite | ardealite | ca2 h (po4) (so4) (h2o)4 | minerals | minerals/ardealite.cif
Minerals	Minerals/Bassanite.cif	Bassanite.cif	Bassanite	Bassanite	Bassanite			Ca2 (SO4)2 (H2O)	bassanite | bassanite | bassanite | ca2 (so4)2 (h2o) | minerals | minerals/bassanite.cif
Minerals	Minerals/Biotite1M.cif	Biotite1M.cif	Biotite1M	Biotite_M	Biotite_M			?	biotite1m | biotite_m | biotite_m | ? | minerals | minerals/biotite1m.cif
Minerals	Minerals/Brownmillerite.cif	Brownmillerite.cif	Brownmillerite	Brownmillerite	Brownmillerite			Ca2 Fe2 O5	brownmillerite | brownmillerite | brownmillerite | ca2 fe2 o5 | minerals | minerals/brownmillerite.cif
Minerals	Minerals/Calcioolivine.cif	Calcioolivine.cif	Calcioolivine	Calcioolivine	Calcioolivine			Ca2 O4 Si	calcioolivine | calcioolivine | calcioolivine | ca2 o4 si | minerals | minerals/calcioolivine.cif
Minerals	Minerals/Calcite.cif	Calcite.cif	Calcite	Calcite	Calcite			Ca (CO3)	calcite | calcite | calcite | ca (co3) | minerals | minerals/calcite.cif
Minerals	Minerals/Chamosite.cif	Chamosite.cif	Chamosite	Chamosite	Chamosite			Mg1.3 Fe3.4 Al2.6 Si2.7 O10 ( O H )8	chamosite | chamosite | chamosite | mg1.3 fe3.4 al2.6 si2.7 o10 ( o h )8 | minerals | minerals/chamosite.cif
Minerals	Minerals/Chromatite.cif	Chromatite.cif	Chromatite	CaCrO4	CaCrO4			Ca ( Cr O4 )	chromatite | cacro4 | cacro4 | ca ( cr o4 ) | minerals | minerals/chromatite.cif
Minerals	Minerals/Clinoatacamite.cif	Clinoatacamite.cif	Clinoatacamite	Clinoatacamite	Clinoatacamite			Cu2 Cl ( O H )3	clinoatacamite | clinoatacamite | clinoatacamite | cu2 cl ( o h )3 | minerals | minerals/clinoatacamite.cif
Minerals	Minerals/Clinochlore-2A.cif	Clinochlore-2A.cif	Clinochlore-2A	MagnesiumSilicateHydroxide	MagnesiumSilicateHydroxide			Mg6 ( Si4 O10 ) ( O H )8	clinochlore-2a | magnesiumsilicatehydroxide | magnesiumsilicatehydroxide | mg6 ( si4 o10 ) ( o h )8 | minerals | minerals/clinochlore-2a.cif
Minerals	Minerals/Clinochlore1A.cif	Clinochlore1A.cif	Clinochlore1A	Clinochlore1A	Clinochlore1A			Mg4.75 Fe0.30 Al2.02 Si2.94 O10 ( O H )7.91 F0.09	clinochlore1a | clinochlore1a | clinochlore1a | mg4.75 fe0.30 al2.02 si2.94 o10 ( o h )7.91 f0.09 | minerals | minerals/clinochlore1a.cif
Minerals	Minerals/Collinsite_COD_9009927.cif	Collinsite_COD_9009927.cif	Collinsite_COD_9009927	Collinsite	Collinsite			Ca2 H4 Mg O10 P2	collinsite_cod_9009927 | collinsite | collinsite | ca2 h4 mg o10 p2 | minerals | minerals/collinsite_cod_9009927.cif
Minerals	Minerals/Corundum.cif	Corundum.cif	Corundum	Corundum	Corundum			Al2 O3	corundum | corundum | corundum | al2 o3 | minerals | minerals/corundum.cif
Minerals	Minerals/Cristobalite.cif	Cristobalite.cif	Cristobalite	Cristobalite	Cristobalite			Si O2	cristobalite | cristobalite | cristobalite | si o2 | minerals | minerals/cristobalite.cif
Minerals	Minerals/Cronstedtite2H2.cif	Cronstedtite2H2.cif	Cronstedtite2H2	Cronstedtite2H2	Cronstedtite2H2			Fe3.7 Si1.3 O5 ( O H )4	cronstedtite2h2 | cronstedtite2h2 | cronstedtite2h2 | fe3.7 si1.3 o5 ( o h )4 | minerals | minerals/cronstedtite2h2.cif
Minerals	Minerals/CSA-ASTM-F-2224-2009r2020-ref.cif	CSA-ASTM-F-2224-2009r2020-ref.cif	CSA-ASTM-F-2224-2009r2020-ref	CalciumSulfateAnhydrate	CalciumSulfateAnhydrate			Ca S O4	csa-astm-f-2224-2009r2020-ref | calciumsulfateanhydrate | calciumsulfateanhydrate | ca s o4 | minerals | minerals/csa-astm-f-2224-2009r2020-ref.cif
Minerals	Minerals/CSD-ASTM-F-2224-2009r2020-ref.cif	CSD-ASTM-F-2224-2009r2020-ref.cif	CSD-ASTM-F-2224-2009r2020-ref	CalciumSulfateDihydrate	CalciumSulfateDihydrate			Ca S O4 ·2 H2 O	csd-astm-f-2224-2009r2020-ref | calciumsulfatedihydrate | calciumsulfatedihydrate | ca s o4 ·2 h2 o | minerals | minerals/csd-astm-f-2224-2009r2020-ref.cif
Minerals	Minerals/CSH-ASTM-F-2224-2009r2020-ref.cif	CSH-ASTM-F-2224-2009r2020-ref.cif	CSH-ASTM-F-2224-2009r2020-ref	CalciumSulfateHemihydrate	CalciumSulfateHemihydrate			Ca S O4 ·0.5 H2 O	csh-astm-f-2224-2009r2020-ref | calciumsulfatehemihydrate | calciumsulfatehemihydrate | ca s o4 ·0.5 h2 o | minerals | minerals/csh-astm-f-2224-2009r2020-ref.cif
Minerals	Minerals/Diamond.cif	Diamond.cif	Diamond	Diamondsyn	Diamondsyn			C	diamond | diamondsyn | diamondsyn | c | minerals | minerals/diamond.cif
Minerals	Minerals/Dolomite.cif	Dolomite.cif	Dolomite	Dolomite	Dolomite			Ca Mg (CO3)2	dolomite | dolomite | dolomite | ca mg (co3)2 | minerals | minerals/dolomite.cif
Minerals	Minerals/Doyleite.cif	Doyleite.cif	Doyleite	Doyleite	Doyleite			Al (OH)3	doyleite | doyleite | doyleite | al (oh)3 | minerals | minerals/doyleite.cif
Minerals	Minerals/EnstatiteMg06Fe04.cif	EnstatiteMg06Fe04.cif	EnstatiteMg06Fe04	EnstatiteMg06Fe04	EnstatiteMg06Fe04			Fe0.41 Mg0.59 O3 Si	enstatitemg06fe04 | enstatitemg06fe04 | enstatitemg06fe04 | fe0.41 mg0.59 o3 si | minerals | minerals/enstatitemg06fe04.cif
Minerals	Minerals/EnstatiteMg06Fe04Ca.cif	EnstatiteMg06Fe04Ca.cif	EnstatiteMg06Fe04Ca	EnstatiteMg06Fe04Ca	EnstatiteMg06Fe04Ca			Ca0.043 Fe0.807 Mg1.15 O6 Si2	enstatitemg06fe04ca | enstatitemg06fe04ca | enstatitemg06fe04ca | ca0.043 fe0.807 mg1.15 o6 si2 | minerals | minerals/enstatitemg06fe04ca.cif
Minerals	Minerals/EnstatiteMg075Fe025.cif	EnstatiteMg075Fe025.cif	EnstatiteMg075Fe025	EnstatiteMg075Fe025	EnstatiteMg075Fe025			Fe0.249 Mg0.751 O3 Si	enstatitemg075fe025 | enstatitemg075fe025 | enstatitemg075fe025 | fe0.249 mg0.751 o3 si | minerals | minerals/enstatitemg075fe025.cif
Minerals	Minerals/EnstatiteMg09Fe01.cif	EnstatiteMg09Fe01.cif	EnstatiteMg09Fe01	EnstatiteMg09Fe01	EnstatiteMg09Fe01			Fe0.093 Mg0.908 O3 Si	enstatitemg09fe01 | enstatitemg09fe01 | enstatitemg09fe01 | fe0.093 mg0.908 o3 si | minerals | minerals/enstatitemg09fe01.cif
Minerals	Minerals/Ettringite.cif	Ettringite.cif	Ettringite	Ettringite	Ettringite			Ca6 Al2 (SO4)3 (OH)12 (H2O)26	ettringite | ettringite | ettringite | ca6 al2 (so4)3 (oh)12 (h2o)26 | minerals | minerals/ettringite.cif
Minerals	Minerals/Faujasite-K.cif	Faujasite-K.cif	Faujasite-K	FaujasiteK	FaujasiteK			Al34.9 K34.9 O390.8 Si157.1	faujasite-k | faujasitek | faujasitek | al34.9 k34.9 o390.8 si157.1 | minerals | minerals/faujasite-k.cif
Minerals	Minerals/Fayalite.cif	Fayalite.cif	Fayalite	Fayalite	Fayalite			Fe2 Si O4	fayalite | fayalite | fayalite | fe2 si o4 | minerals | minerals/fayalite.cif
Minerals	Minerals/FerrihydriteFe475.cif	FerrihydriteFe475.cif	FerrihydriteFe475	FerrihydriteFe475	FerrihydriteFe475			Fe4.75 H O8	ferrihydritefe475 | ferrihydritefe475 | ferrihydritefe475 | fe4.75 h o8 | minerals | minerals/ferrihydritefe475.cif
Minerals	Minerals/FerrihydriteFe487.cif	FerrihydriteFe487.cif	FerrihydriteFe487	FerrihydriteFe487	FerrihydriteFe487			Fe4.87 H O8	ferrihydritefe487 | ferrihydritefe487 | ferrihydritefe487 | fe4.87 h o8 | minerals | minerals/ferrihydritefe487.cif
Minerals	Minerals/FerrihydriteFe493.cif	FerrihydriteFe493.cif	FerrihydriteFe493	FerrihydriteFe493	FerrihydriteFe493			Fe4.93 H O8	ferrihydritefe493 | ferrihydritefe493 | ferrihydritefe493 | fe4.93 h o8 | minerals | minerals/ferrihydritefe493.cif
Minerals	Minerals/FerrosiliteCa03Fe17.cif	FerrosiliteCa03Fe17.cif	FerrosiliteCa03Fe17	FerrosiliteCa03Fe17	FerrosiliteCa03Fe17			Ca0.3 Fe1.7 O6 Si2	ferrosiliteca03fe17 | ferrosiliteca03fe17 | ferrosiliteca03fe17 | ca0.3 fe1.7 o6 si2 | minerals | minerals/ferrosiliteca03fe17.cif
Minerals	Minerals/FerrosiliteCa04Fe16.cif	FerrosiliteCa04Fe16.cif	FerrosiliteCa04Fe16	FerrosiliteCa04Fe16	FerrosiliteCa04Fe16			Ca0.4 Fe1.6 O6 Si2	ferrosiliteca04fe16 | ferrosiliteca04fe16 | ferrosiliteca04fe16 | ca0.4 fe1.6 o6 si2 | minerals | minerals/ferrosiliteca04fe16.cif
Minerals	Minerals/FerrosiliteCa05Fe15.cif	FerrosiliteCa05Fe15.cif	FerrosiliteCa05Fe15	FerrosiliteCa05Fe15	FerrosiliteCa05Fe15			Ca0.5 Fe1.5 O6 Si2	ferrosiliteca05fe15 | ferrosiliteca05fe15 | ferrosiliteca05fe15 | ca0.5 fe1.5 o6 si2 | minerals | minerals/ferrosiliteca05fe15.cif
Minerals	Minerals/FerrosiliteCa07Fe13.cif	FerrosiliteCa07Fe13.cif	FerrosiliteCa07Fe13	FerrosiliteCa07Fe13	FerrosiliteCa07Fe13			Ca0.7 Fe1.3 O6 Si2	ferrosiliteca07fe13 | ferrosiliteca07fe13 | ferrosiliteca07fe13 | ca0.7 fe1.3 o6 si2 | minerals | minerals/ferrosiliteca07fe13.cif
Minerals	Minerals/FerrosiliteFe.cif	FerrosiliteFe.cif	FerrosiliteFe	FerrosiliteFe	FerrosiliteFe			Fe O3 Si	ferrosilitefe | ferrosilitefe | ferrosilitefe | fe o3 si | minerals | minerals/ferrosilitefe.cif
Minerals	Minerals/FerrosiliteMg06Fe13Ca.cif	FerrosiliteMg06Fe13Ca.cif	FerrosiliteMg06Fe13Ca	FerrosiliteMg06Fe13Ca	FerrosiliteMg06Fe13Ca			Ca0.032 Fe1.331 Mg0.636 O6 Si2	ferrosilitemg06fe13ca | ferrosilitemg06fe13ca | ferrosilitemg06fe13ca | ca0.032 fe1.331 mg0.636 o6 si2 | minerals | minerals/ferrosilitemg06fe13ca.cif
Minerals	Minerals/Fluorite.cif	Fluorite.cif	Fluorite	Fluorite	Fluorite			Ca F2	fluorite | fluorite | fluorite | ca f2 | minerals | minerals/fluorite.cif
Minerals	Minerals/Fluorstrophite.cif	Fluorstrophite.cif	Fluorstrophite	Fluorstrophite	Fluorstrophite			Sr3.65 Ca1.35 ( P O4 )3 F	fluorstrophite | fluorstrophite | fluorstrophite | sr3.65 ca1.35 ( p o4 )3 f | minerals | minerals/fluorstrophite.cif
Minerals	Minerals/Forsterite.cif	Forsterite.cif	Forsterite	Forsterite	Forsterite			Mg2 Si O4	forsterite | forsterite | forsterite | mg2 si o4 | minerals | minerals/forsterite.cif
Minerals	Minerals/Ganophyllite.cif	Ganophyllite.cif	Ganophyllite	Ganophyllite	Ganophyllite			K2.16 Mn16 Si26.9 O67.8 OH8	ganophyllite | ganophyllite | ganophyllite | k2.16 mn16 si26.9 o67.8 oh8 | minerals | minerals/ganophyllite.cif
Minerals	Minerals/Gehlenite.cif	Gehlenite.cif	Gehlenite	Gehlenite	Gehlenite			Al2 Ca2 O7 Si	gehlenite | gehlenite | gehlenite | al2 ca2 o7 si | minerals | minerals/gehlenite.cif
Minerals	Minerals/Gibbsite.cif	Gibbsite.cif	Gibbsite	Gibbsite	Gibbsite			Al ( O H )3	gibbsite | gibbsite | gibbsite | al ( o h )3 | minerals | minerals/gibbsite.cif
Minerals	Minerals/Gismondine-Ca.cif	Gismondine-Ca.cif	Gismondine-Ca	CalciumAluminumSilicateHydrate	CalciumAluminumSilicateHydrate			Ca4 Al8 ( Si O4 )8 ( H2 O )16	gismondine-ca | calciumaluminumsilicatehydrate | calciumaluminumsilicatehydrate | ca4 al8 ( si o4 )8 ( h2 o )16 | minerals | minerals/gismondine-ca.cif
Minerals	Minerals/Glauconite.cif	Glauconite.cif	Glauconite	Glauconite	Glauconite			K0.84 Na0.01 Mg0.38 Fe1.22 Al0.71 Si3.72 O10 ( O H )2	glauconite | glauconite | glauconite | k0.84 na0.01 mg0.38 fe1.22 al0.71 si3.72 o10 ( o h )2 | minerals | minerals/glauconite.cif
Minerals	Minerals/GlauconiteK77.cif	GlauconiteK77.cif	GlauconiteK77	GlauconiteK77	GlauconiteK77			K0.77 Na0.03 Mg0.47 Fe1.14 Al0.72 Si3.72 O10 ( O H )2	glauconitek77 | glauconitek77 | glauconitek77 | k0.77 na0.03 mg0.47 fe1.14 al0.72 si3.72 o10 ( o h )2 | minerals | minerals/glauconitek77.cif
Minerals	Minerals/GlauconiteK80.cif	GlauconiteK80.cif	GlauconiteK80	GlauconiteK80	GlauconiteK80			K0.8 Na0.01 Ca0.03 Mg0.44 Fe1.08 Al0.97 Si3.56 O10 ( O H )2	glauconitek80 | glauconitek80 | glauconitek80 | k0.8 na0.01 ca0.03 mg0.44 fe1.08 al0.97 si3.56 o10 ( o h )2 | minerals | minerals/glauconitek80.cif
Minerals	Minerals/GlauconiteK84.cif	GlauconiteK84.cif	GlauconiteK84	GlauconiteK84	GlauconiteK84			K0.84 Na0.01 Mg0.38 Fe1.22 Al0.71 Si3.72 O10 ( O H )2	glauconitek84 | glauconitek84 | glauconitek84 | k0.84 na0.01 mg0.38 fe1.22 al0.71 si3.72 o10 ( o h )2 | minerals | minerals/glauconitek84.cif
Minerals	Minerals/Goethite.cif	Goethite.cif	Goethite	FeOOH_Goethite	FeOOH_Goethite			Fe O (OH)	goethite | feooh_goethite | feooh_goethite | fe o (oh) | minerals | minerals/goethite.cif
Minerals	Minerals/Graphite-2h.cif	Graphite-2h.cif	Graphite-2h	Graphite_2H	Graphite-2H			C	graphite-2h | graphite_2h | graphite-2h | c | minerals | minerals/graphite-2h.cif
Minerals	Minerals/Graphite-3r.cif	Graphite-3r.cif	Graphite-3r	Graphite_3R	Graphite-3R			C	graphite-3r | graphite_3r | graphite-3r | c | minerals | minerals/graphite-3r.cif
Minerals	Minerals/Grossite-CaAl4O7.cif	Grossite-CaAl4O7.cif	Grossite-CaAl4O7	CalciumAluminumOxide	CalciumAluminumOxide			Ca Al4 O7	grossite-caal4o7 | calciumaluminumoxide | calciumaluminumoxide | ca al4 o7 | minerals | minerals/grossite-caal4o7.cif
Minerals	Minerals/Gypsum.cif	Gypsum.cif	Gypsum	Gypsum	Gypsum			Ca ( S O4 ) ( H2 O )2	gypsum | gypsum | gypsum | ca ( s o4 ) ( h2 o )2 | minerals | minerals/gypsum.cif
Minerals	Minerals/Gyrolite.cif	Gyrolite.cif	Gyrolite	Gyrolite	Gyrolite			Na Ca16 Al Si23 O60 (OH)8 (H2O)14	gyrolite | gyrolite | gyrolite | na ca16 al si23 o60 (oh)8 (h2o)14 | minerals | minerals/gyrolite.cif
Minerals	Minerals/Halite.cif	Halite.cif	Halite	Halite	Halite			NaCl	halite | halite | halite | nacl | minerals | minerals/halite.cif
Minerals	Minerals/Hematite.cif	Hematite.cif	Hematite	Hematite	Hematite			Fe2 O3	hematite | hematite | hematite | fe2 o3 | minerals | minerals/hematite.cif
Minerals	Minerals/Hexahydrite.cif	Hexahydrite.cif	Hexahydrite	Hexahydrite	Hexahydrite			H12 Mg O10 S	hexahydrite | hexahydrite | hexahydrite | h12 mg o10 s | minerals | minerals/hexahydrite.cif
Minerals	Minerals/Hibonite.cif	Hibonite.cif	Hibonite	Hibonite5H	Hibonite5H			Ca Al12 O19	hibonite | hibonite5h | hibonite5h | ca al12 o19 | minerals | minerals/hibonite.cif
Minerals	Minerals/Kaolinite1A.cif	Kaolinite1A.cif	Kaolinite1A	Kaolinite1A	Kaolinite1A			Al2 Si2 O5 ( O H )4	kaolinite1a | kaolinite1a | kaolinite1a | al2 si2 o5 ( o h )4 | minerals | minerals/kaolinite1a.cif
Minerals	Minerals/Katoite.cif	Katoite.cif	Katoite	Katoitesyn	Katoitesyn			Ca3 Al2 ( O H )12	katoite | katoitesyn | katoitesyn | ca3 al2 ( o h )12 | minerals | minerals/katoite.cif
Minerals	Minerals/Lepidocrocite.cif	Lepidocrocite.cif	Lepidocrocite	FeOOH_Lepidocrocite	FeOOH_Lepidocrocite			Fe O (OH)	lepidocrocite | feooh_lepidocrocite | feooh_lepidocrocite | fe o (oh) | minerals | minerals/lepidocrocite.cif
Minerals	Minerals/Leucite.cif	Leucite.cif	Leucite	Leucite	Leucite			K (Al0.96 Si0.04) (Si2 O6)	leucite | leucite | leucite | k (al0.96 si0.04) (si2 o6) | minerals | minerals/leucite.cif
Minerals	Minerals/Lime.cif	Lime.cif	Lime	CaO	CaO			Ca O	lime | cao | cao | ca o | minerals | minerals/lime.cif
Minerals	Minerals/Loellingite.cif	Loellingite.cif	Loellingite	Loellingite	Loellingite			Fe As2	loellingite | loellingite | loellingite | fe as2 | minerals | minerals/loellingite.cif
Minerals	Minerals/Magnesite.cif	Magnesite.cif	Magnesite	Magnesite	Magnesite			Mg ( C O3 )	magnesite | magnesite | magnesite | mg ( c o3 ) | minerals | minerals/magnesite.cif
Minerals	Minerals/Magnetite.cif	Magnetite.cif	Magnetite	Magnetite	Magnetite			Fe3 O4	magnetite | magnetite | magnetite | fe3 o4 | minerals | minerals/magnetite.cif
Minerals	Minerals/Mayenite.cif	Mayenite.cif	Mayenite	Mayenite	Mayenite			Ca12 AL14 O33	mayenite | mayenite | mayenite | ca12 al14 o33 | minerals | minerals/mayenite.cif
Minerals	Minerals/Merrillite.cif	Merrillite.cif	Merrillite	Merrillite	Merrillite			Ca18.88 (Mg1.87 Fe0.13) (PO4)13.77 (PO3 (OH))0.23	merrillite | merrillite | merrillite | ca18.88 (mg1.87 fe0.13) (po4)13.77 (po3 (oh))0.23 | minerals | minerals/merrillite.cif
Minerals	Minerals/Microcline.cif	Microcline.cif	Microcline	PotassiumAluminumSilicate	PotassiumAluminumSilicate			K ( Al Si3 O8 )	microcline | potassiumaluminumsilicate | potassiumaluminumsilicate | k ( al si3 o8 ) | minerals | minerals/microcline.cif
Minerals	Minerals/MicroInt1.cif	MicroInt1.cif	MicroInt1	MICROCLINE_intermediate1	MICROCLINE_intermediate1			?	microint1 | microcline_intermediate1 | microcline_intermediate1 | ? | minerals | minerals/microint1.cif
Minerals	Minerals/Mullite.cif	Mullite.cif	Mullite	AluminumSiliconOxide	AluminumSiliconOxide			Al4.8 Si1.2 O9.6	mullite | aluminumsiliconoxide | aluminumsiliconoxide | al4.8 si1.2 o9.6 | minerals | minerals/mullite.cif
Minerals	Minerals/Mullite1.cif	Mullite1.cif	Mullite1	Mullite	Mullite			Al4.95 Si1.05 O9.52	mullite1 | mullite | mullite | al4.95 si1.05 o9.52 | minerals | minerals/mullite1.cif
Minerals	Minerals/Mullite2.cif	Mullite2.cif	Mullite2	Mullite	Mullite			Al4.56 Si1.44 O9.72	mullite2 | mullite | mullite | al4.56 si1.44 o9.72 | minerals | minerals/mullite2.cif
Minerals	Minerals/Mullite3.cif	Mullite3.cif	Mullite3	Mullite	Mullite			Al5.65 Si0.35 O9.175	mullite3 | mullite | mullite | al5.65 si0.35 o9.175 | minerals | minerals/mullite3.cif
Minerals	Minerals/Mullite4.cif	Mullite4.cif	Mullite4	Mullite	Mullite			Al4.8 Si1.2 O9.6	mullite4 | mullite | mullite | al4.8 si1.2 o9.6 | minerals | minerals/mullite4.cif
Minerals	Minerals/Muscovite2M1.cif	Muscovite2M1.cif	Muscovite2M1	MUSCOVITE_2M1	MUSCOVITE_2M1			?	muscovite2m1 | muscovite_2m1 | muscovite_2m1 | ? | minerals | minerals/muscovite2m1.cif
Minerals	Minerals/Nacrite.cif	Nacrite.cif	Nacrite	Nacrite	Nacrite			Al2 Si2 O5 ( O H )4	nacrite | nacrite | nacrite | al2 si2 o5 ( o h )4 | minerals | minerals/nacrite.cif
Minerals	Minerals/Newberyite.cif	Newberyite.cif	Newberyite	MgHPO43H2O	MgHPO43H2O			Mg H (PO4) (H2O)3	newberyite | mghpo43h2o | mghpo43h2o | mg h (po4) (h2o)3 | minerals | minerals/newberyite.cif
Minerals	Minerals/Nitrammite.cif	Nitrammite.cif	Nitrammite	Nitrammite	Nitrammite			( N H4 ) ( N O3 )	nitrammite | nitrammite | nitrammite | ( n h4 ) ( n o3 ) | minerals | minerals/nitrammite.cif
Minerals	Minerals/Orthoclase07.cif	Orthoclase07.cif	Orthoclase07	PotassiumSodiumAluminumSilicate	PotassiumSodiumAluminumSilicate			K0.93 Na0.07 Al Si3 O8	orthoclase07 | potassiumsodiumaluminumsilicate | potassiumsodiumaluminumsilicate | k0.93 na0.07 al si3 o8 | minerals | minerals/orthoclase07.cif
Minerals	Minerals/Orthoclase19.cif	Orthoclase19.cif	Orthoclase19	PotassiumSodiumAluminumSilicate	PotassiumSodiumAluminumSilicate			K0.81 Na0.19 Al Si3 O8	orthoclase19 | potassiumsodiumaluminumsilicate | potassiumsodiumaluminumsilicate | k0.81 na0.19 al si3 o8 | minerals | minerals/orthoclase19.cif
Minerals	Minerals/PbOorthorhombic.cif	PbOorthorhombic.cif	PbOorthorhombic	PbOorthorhombic	PbOorthorhombic			O Pb	pboorthorhombic | pboorthorhombic | pboorthorhombic | o pb | minerals | minerals/pboorthorhombic.cif
Minerals	Minerals/PbOtetragonal.cif	PbOtetragonal.cif	PbOtetragonal	PbOtetragonal	PbOtetragonal			O Pb	pbotetragonal | pbotetragonal | pbotetragonal | o pb | minerals | minerals/pbotetragonal.cif
Minerals	Minerals/Periclase.cif	Periclase.cif	Periclase	MgO	MgO			Mg O	periclase | mgo | mgo | mg o | minerals | minerals/periclase.cif
Minerals	Minerals/Phlogopite1M.cif	Phlogopite1M.cif	Phlogopite1M	Phlogopite1M	Phlogopite1M			K0.904 Na0.055 Mg1.362 Ti0.178 Fe1.205 Al1.414 Si2.831 O10.371 ( O H )1.169 F0.46	phlogopite1m | phlogopite1m | phlogopite1m | k0.904 na0.055 mg1.362 ti0.178 fe1.205 al1.414 si2.831 o10.371 ( o h )1.169 f0.46 | minerals | minerals/phlogopite1m.cif
Minerals	Minerals/Phlogopite2M1.cif	Phlogopite2M1.cif	Phlogopite2M1	Phlogopite2M1	Phlogopite2M1			K0.892 Na0.073 Mg1.490 Ti0.311 Fe1.104 Al1.187 Si2.873 O10.456 ( O H )1.084 F0.46	phlogopite2m1 | phlogopite2m1 | phlogopite2m1 | k0.892 na0.073 mg1.490 ti0.311 fe1.104 al1.187 si2.873 o10.456 ( o h )1.084 f0.46 | minerals | minerals/phlogopite2m1.cif
Minerals	Minerals/Plagioclase32.cif	Plagioclase32.cif	Plagioclase32	PlagioclaseNa32	PlagioclaseNa32			( Ca0.64 Na0.32 ) ( ( Al1.775 Si2.275 ) O8 )	plagioclase32 | plagioclasena32 | plagioclasena32 | ( ca0.64 na0.32 ) ( ( al1.775 si2.275 ) o8 ) | minerals | minerals/plagioclase32.cif
Minerals	Minerals/Plumbonacrite.cif	Plumbonacrite.cif	Plumbonacrite	Plumbonacrite	Plumbonacrite			C3 H2 O12 Pb5	plumbonacrite | plumbonacrite | plumbonacrite | c3 h2 o12 pb5 | minerals | minerals/plumbonacrite.cif
Minerals	Minerals/Portlandite.cif	Portlandite.cif	Portlandite	Portlandite	Portlandite			Ca (OH)2	portlandite | portlandite | portlandite | ca (oh)2 | minerals | minerals/portlandite.cif
Minerals	Minerals/Quartz-p3121.cif	Quartz-p3121.cif	Quartz-p3121	SiO2p3121	SiO2p3121			Si O2	quartz-p3121 | sio2p3121 | sio2p3121 | si o2 | minerals | minerals/quartz-p3121.cif
Minerals	Minerals/Quartz-p3121-HP.cif	Quartz-p3121-HP.cif	Quartz-p3121-HP	SiliconOxide	SiliconOxide			?	quartz-p3121-hp | siliconoxide | siliconoxide | ? | minerals | minerals/quartz-p3121-hp.cif
Minerals	Minerals/Quartz-p3221.cif	Quartz-p3221.cif	Quartz-p3221	SiO2p3221	SiO2p3221			Si O2	quartz-p3221 | sio2p3221 | sio2p3221 | si o2 | minerals | minerals/quartz-p3221.cif
Minerals	Minerals/Rutile.cif	Rutile.cif	Rutile	Rutile	Rutile			Ti O2	rutile | rutile | rutile | ti o2 | minerals | minerals/rutile.cif
Minerals	Minerals/Scholzite.cif	Scholzite.cif	Scholzite	Scholzite	Scholzite			Ca Zn2 P2 O10 H4	scholzite | scholzite | scholzite | ca zn2 p2 o10 h4 | minerals | minerals/scholzite.cif
Minerals	Minerals/Sepiolite.cif	Sepiolite.cif	Sepiolite	Sepiolite	Sepiolite			Mg3.91 Fe0.02 Al0.04 Si6 O15 ( O H )2 ( H2 O )5	sepiolite | sepiolite | sepiolite | mg3.91 fe0.02 al0.04 si6 o15 ( o h )2 ( h2 o )5 | minerals | minerals/sepiolite.cif
Minerals	Minerals/Shlykovite.cif	Shlykovite.cif	Shlykovite	Shlykovite	Shlykovite			Ca H7 K O13 Si4	shlykovite | shlykovite | shlykovite | ca h7 k o13 si4 | minerals | minerals/shlykovite.cif
Minerals	Minerals/Siderite.cif	Siderite.cif	Siderite	Siderite	Siderite			Fe ( C O3 )	siderite | siderite | siderite | fe ( c o3 ) | minerals | minerals/siderite.cif
Minerals	Minerals/Spinel.cif	Spinel.cif	Spinel	Spinel	Spinel			?	spinel | spinel | spinel | ? | minerals | minerals/spinel.cif
Minerals	Minerals/Spurrite.cif	Spurrite.cif	Spurrite	Spurrite	Spurrite			C Ca5 O11 Si2	spurrite | spurrite | spurrite | c ca5 o11 si2 | minerals | minerals/spurrite.cif
Minerals	Minerals/Sr-Apatite.cif	Sr-Apatite.cif	Sr-Apatite	SrApatite	SrApatite			Sr5 ( P O4 )3 ( O H )	sr-apatite | srapatite | srapatite | sr5 ( p o4 )3 ( o h ) | minerals | minerals/sr-apatite.cif
Minerals	Minerals/Strontianite.cif	Strontianite.cif	Strontianite	SrCO3	SrCO3			Sr ( C O3 )	strontianite | srco3 | srco3 | sr ( c o3 ) | minerals | minerals/strontianite.cif
Minerals	Minerals/Struvite.cif	Struvite.cif	Struvite	Struvite	Struvite			(NH4) Mg (PO4) (H2O)6	struvite | struvite | struvite | (nh4) mg (po4) (h2o)6 | minerals | minerals/struvite.cif
Minerals	Minerals/Sudoite.cif	Sudoite.cif	Sudoite	Sudoite	Sudoite			Mg1.9 Al4.2 Si2.9 O10 ( O H )8	sudoite | sudoite | sudoite | mg1.9 al4.2 si2.9 o10 ( o h )8 | minerals | minerals/sudoite.cif
Minerals	Minerals/Troemelite.cif	Troemelite.cif	Troemelite	Ca4P6O19	Ca4P6O19			Ca4 P6 O19	troemelite | ca4p6o19 | ca4p6o19 | ca4 p6 o19 | minerals | minerals/troemelite.cif
Minerals	Minerals/Tuite.cif	Tuite.cif	Tuite	Tuite	Tuite			Ca3 (PO4)2	tuite | tuite | tuite | ca3 (po4)2 | minerals | minerals/tuite.cif
Minerals	Minerals/Turmaline-Schorl.cif	Turmaline-Schorl.cif	Turmaline-Schorl	Schorl	Schorl			Na0.91 Mg Ti0.11 Fe1.23 Al6.72 Si5.96 ( B O3 )3 O18.81 ( O H )3.09 F0.1	turmaline-schorl | schorl | schorl | na0.91 mg ti0.11 fe1.23 al6.72 si5.96 ( b o3 )3 o18.81 ( o h )3.09 f0.1 | minerals | minerals/turmaline-schorl.cif
Minerals	Minerals/Vaterite.cif	Vaterite.cif	Vaterite	Vaterite	Vaterite			Ca (CO3)	vaterite | vaterite | vaterite | ca (co3) | minerals | minerals/vaterite.cif
Minerals	Minerals/Whitlockite.cif	Whitlockite.cif	Whitlockite	Whitlockite	Whitlockite			Ca18.12 (Mg1.84 Fe0.16) (PO4)12 (PO3 (OH))2	whitlockite | whitlockite | whitlockite | ca18.12 (mg1.84 fe0.16) (po4)12 (po3 (oh))2 | minerals | minerals/whitlockite.cif
Minerals	Minerals/Wollastonite-Pseudo.cif	Wollastonite-Pseudo.cif	Wollastonite-Pseudo	Pseudowollastonite	Pseudowollastonite			Ca Si O3	wollastonite-pseudo | pseudowollastonite | pseudowollastonite | ca si o3 | minerals | minerals/wollastonite-pseudo.cif
Minerals	Minerals/Wollastonite1A.cif	Wollastonite1A.cif	Wollastonite1A	Wollastonite1A	Wollastonite1A			Ca Si O3	wollastonite1a | wollastonite1a | wollastonite1a | ca si o3 | minerals | minerals/wollastonite1a.cif
Minerals	Minerals/Wollastonite2M.cif	Wollastonite2M.cif	Wollastonite2M	Wollastonite2M	Wollastonite2M			Ca Si O3	wollastonite2m | wollastonite2m | wollastonite2m | ca si o3 | minerals | minerals/wollastonite2m.cif
Minerals	Minerals/Wustite.cif	Wustite.cif	Wustite	Wustite	Wustite			FeO	wustite | wustite | wustite | feo | minerals | minerals/wustite.cif
Minerals	Minerals/Zincite.cif	Zincite.cif	Zincite	ZnO	ZnO			Zn O	zincite | zno | zno | zn o | minerals | minerals/zincite.cif
Minerals	Minerals/Zincowoodwardite1T.cif	Zincowoodwardite1T.cif	Zincowoodwardite1T	Zincowoodwardite1T	Zincowoodwardite1T			Al0.375 H6 O2.686 S0.188 Zn0.625	zincowoodwardite1t | zincowoodwardite1t | zincowoodwardite1t | al0.375 h6 o2.686 s0.188 zn0.625 | minerals | minerals/zincowoodwardite1t.cif
Minerals	Minerals/Zinnwaldite.cif	Zinnwaldite.cif	Zinnwaldite	Zinnwaldite1M	Zinnwaldite1M			K0.9 Li0.67 Mg0.01 Na0.05 Mn0.05 Al1.96 Fe0.93 Si3.09 Ti0.01 O10 F2	zinnwaldite | zinnwaldite1m | zinnwaldite1m | k0.9 li0.67 mg0.01 na0.05 mn0.05 al1.96 fe0.93 si3.09 ti0.01 o10 f2 | minerals | minerals/zinnwaldite.cif
Minerals	Minerals/Zircon.cif	Zircon.cif	Zircon	Zircon	Zircon			Zr ( Si O4 )	zircon | zircon | zircon | zr ( si o4 ) | minerals | minerals/zircon.cif
Organic	Organic/alpha_Ft.cif	alpha_Ft.cif	alpha_Ft	alpha_Ft	alpha_Ft			?	alpha_ft | alpha_ft | alpha_ft | ? | organic | organic/alpha_ft.cif
Organic	Organic/benzoic-acid.cif	benzoic-acid.cif	benzoic-acid	Benzoic_Acid	Benzoic-Acid			?	benzoic-acid | benzoic_acid | benzoic-acid | ? | organic | organic/benzoic-acid.cif
Organic	Organic/beta_Ft.cif	beta_Ft.cif	beta_Ft	beta_Ft	beta_Ft			?	beta_ft | beta_ft | beta_ft | ? | organic | organic/beta_ft.cif
Organic	Organic/Ca-tartrate-hydrate-Hawthorne-et-al.cif	Ca-tartrate-hydrate-Hawthorne-et-al.cif	Ca-tartrate-hydrate-Hawthorne-et-al	Calciumtartratetetrahydrate	Calciumtartratetetrahydrate			C4 H4 O6 x Ca x4 ( H2 O )	ca-tartrate-hydrate-hawthorne-et-al | calciumtartratetetrahydrate | calciumtartratetetrahydrate | c4 h4 o6 x ca x4 ( h2 o ) | organic | organic/ca-tartrate-hydrate-hawthorne-et-al.cif
Organic	Organic/Ca-tartrate-hydrate-Kaduk-et-al.cif	Ca-tartrate-hydrate-Kaduk-et-al.cif	Ca-tartrate-hydrate-Kaduk-et-al	CalciumTartrateHydrate	CalciumTartrateHydrate			C4 H4 Ca O6 x4 H2 O	ca-tartrate-hydrate-kaduk-et-al | calciumtartratehydrate | calciumtartratehydrate | c4 h4 ca o6 x4 h2 o | organic | organic/ca-tartrate-hydrate-kaduk-et-al.cif
Organic	Organic/Cu3Cl3Melamine.cif	Cu3Cl3Melamine.cif	Cu3Cl3Melamine	CopperChlorideMelamine	CopperChlorideMelamine			Cu3 Cl3 ( C3 N6 H6 )	cu3cl3melamine | copperchloridemelamine | copperchloridemelamine | cu3 cl3 ( c3 n6 h6 ) | organic | organic/cu3cl3melamine.cif
Organic	Organic/Fe-oxalate-hydrate.cif	Fe-oxalate-hydrate.cif	Fe-oxalate-hydrate	FeOxalateHydrate	FeOxalateHydrate			Fe C2 O6 H4	fe-oxalate-hydrate | feoxalatehydrate | feoxalatehydrate | fe c2 o6 h4 | organic | organic/fe-oxalate-hydrate.cif
Organic	Organic/inh_benzoic_cocrystal.cif	inh_benzoic_cocrystal.cif	inh_benzoic_cocrystal	inh_benzoic_cocrystal	inh_benzoic_cocrystal			?	inh_benzoic_cocrystal | inh_benzoic_cocrystal | inh_benzoic_cocrystal | ? | organic | organic/inh_benzoic_cocrystal.cif
Organic	Organic/Isoniazid.cif	Isoniazid.cif	Isoniazid	Isoniazid	Isoniazid			C6 H7 N3 O	isoniazid | isoniazid | isoniazid | c6 h7 n3 o | organic | organic/isoniazid.cif
Organic	Organic/Na-Acetate-Hydrate-Lebail.cif	Na-Acetate-Hydrate-Lebail.cif	Na-Acetate-Hydrate-Lebail	NaAcetateHydrate	NaAcetateHydrate			CH3COONa!3H2O	na-acetate-hydrate-lebail | naacetatehydrate | naacetatehydrate | ch3coona!3h2o | organic | organic/na-acetate-hydrate-lebail.cif
Organic	Organic/Ni-oxalate-hydrate.cif	Ni-oxalate-hydrate.cif	Ni-oxalate-hydrate	NiOxalateHydrate	NiOxalateHydrate			Ni C2 O6 H4	ni-oxalate-hydrate | nioxalatehydrate | nioxalatehydrate | ni c2 o6 h4 | organic | organic/ni-oxalate-hydrate.cif
Organic	Organic/TRIS.cif	TRIS.cif	TRIS	Tris_hydroxymethyl_aminomethan	Tris_hydroxymethyl_aminomethan			C4 H11 N O3	tris | tris_hydroxymethyl_aminomethan | tris_hydroxymethyl_aminomethan | c4 h11 n o3 | organic | organic/tris.cif
Organic	Organic/TRIS-HCl-lebail.cif	TRIS-HCl-lebail.cif	TRIS-HCl-lebail	TRIS_HCl	TRIS-HCl			C4H11NO3 HCl	tris-hcl-lebail | tris_hcl | tris-hcl | c4h11no3 hcl | organic | organic/tris-hcl-lebail.cif
Organic	Organic/Urea.cif	Urea.cif	Urea	Urea	Urea			C O (NH2)2	urea | urea | urea | c o (nh2)2 | organic | organic/urea.cif
Phosphate	Phosphate/AlPO4.cif	AlPO4.cif	AlPO4	AlPO4	AlPO4			Al ( P O4 )	alpo4 | alpo4 | alpo4 | al ( p o4 ) | phosphate | phosphate/alpo4.cif
Phosphate	Phosphate/AlPO4-1Hydrate.cif	AlPO4-1Hydrate.cif	AlPO4-1Hydrate	AlPO41Hydrate	AlPO41Hydrate			Al ( P O4 ) ( H2 O )	alpo4-1hydrate | alpo41hydrate | alpo41hydrate | al ( p o4 ) ( h2 o ) | phosphate | phosphate/alpo4-1hydrate.cif
Phosphate	Phosphate/Apatite-Cl.cif	Apatite-Cl.cif	Apatite-Cl	Chlorapatite	Chlorapatite			Ca5 (PO4)3 Cl0.9 F0.1	apatite-cl | chlorapatite | chlorapatite | ca5 (po4)3 cl0.9 f0.1 | phosphate | phosphate/apatite-cl.cif
Phosphate	Phosphate/Apatite-CO3-A.cif	Apatite-CO3-A.cif	Apatite-CO3-A	CO3ApatiteA	CO3ApatiteA			Ca9.75 ( P O4 )5.5 ( C O3 )1.5	apatite-co3-a | co3apatitea | co3apatitea | ca9.75 ( p o4 )5.5 ( c o3 )1.5 | phosphate | phosphate/apatite-co3-a.cif
Phosphate	Phosphate/Apatite-CO3-B.cif	Apatite-CO3-B.cif	Apatite-CO3-B	CO3ApatiteB	CO3ApatiteB			Ca5 ( P O4 )2.7 ( C O3 )0.8 ( O H )0.3	apatite-co3-b | co3apatiteb | co3apatiteb | ca5 ( p o4 )2.7 ( c o3 )0.8 ( o h )0.3 | phosphate | phosphate/apatite-co3-b.cif
Phosphate	Phosphate/Apatite-F.cif	Apatite-F.cif	Apatite-F	Fluorapatite	Fluorapatite			Ca5 P3 O12 F	apatite-f | fluorapatite | fluorapatite | ca5 p3 o12 f | phosphate | phosphate/apatite-f.cif
Phosphate	Phosphate/Apatite-F-Mn.cif	Apatite-F-Mn.cif	Apatite-F-Mn	CaMnApatite	CaMnApatite			Ca4.791 Mn0.211 (PO4)3 F0.93	apatite-f-mn | camnapatite | camnapatite | ca4.791 mn0.211 (po4)3 f0.93 | phosphate | phosphate/apatite-f-mn.cif
Phosphate	Phosphate/Apatite-F-Sr.cif	Apatite-F-Sr.cif	Apatite-F-Sr	CaSrFApatite	CaSrFApatite			Sr2.5 Ca2.5 ( P O4 )3 F	apatite-f-sr | casrfapatite | casrfapatite | sr2.5 ca2.5 ( p o4 )3 f | phosphate | phosphate/apatite-f-sr.cif
Phosphate	Phosphate/Apatite-O.cif	Apatite-O.cif	Apatite-O	Oxyapatite	Oxyapatite			Ca10 ( P O4 )6 O	apatite-o | oxyapatite | oxyapatite | ca10 ( p o4 )6 o | phosphate | phosphate/apatite-o.cif
Phosphate	Phosphate/Apatite-O-P63.cif	Apatite-O-P63.cif	Apatite-O-P63	CalciumOxidePhosphate	CalciumOxidePhosphate			Ca5 ( P O4 )3 O0.5	apatite-o-p63 | calciumoxidephosphate | calciumoxidephosphate | ca5 ( p o4 )3 o0.5 | phosphate | phosphate/apatite-o-p63.cif
Phosphate	Phosphate/Apatite-OH.cif	Apatite-OH.cif	Apatite-OH	Hydroxyapatite	Hydroxyapatite			Ca5 (PO4)3 (OH)	apatite-oh | hydroxyapatite | hydroxyapatite | ca5 (po4)3 (oh) | phosphate | phosphate/apatite-oh.cif
Phosphate	Phosphate/Apatite-OH-Cu.cif	Apatite-OH-Cu.cif	Apatite-OH-Cu	CuHydroxyapatite	CuHydroxyapatite			Ca5 Cu0.27 (PO4)3 O0.54 (OH)0.32	apatite-oh-cu | cuhydroxyapatite | cuhydroxyapatite | ca5 cu0.27 (po4)3 o0.54 (oh)0.32 | phosphate | phosphate/apatite-oh-cu.cif
Phosphate	Phosphate/Apatite-OH-m.cif	Apatite-OH-m.cif	Apatite-OH-m	HydroxylapatiteM	HydroxylapatiteM			Ca5 (PO4)3 (OH)	apatite-oh-m | hydroxylapatitem | hydroxylapatitem | ca5 (po4)3 (oh) | phosphate | phosphate/apatite-oh-m.cif
Phosphate	Phosphate/Apatite-OH-m2.cif	Apatite-OH-m2.cif	Apatite-OH-m2	HydroxylapatiteMonoclinic2	HydroxylapatiteMonoclinic2			Ca5 ( P O4 )3 ( O H )	apatite-oh-m2 | hydroxylapatitemonoclinic2 | hydroxylapatitemonoclinic2 | ca5 ( p o4 )3 ( o h ) | phosphate | phosphate/apatite-oh-m2.cif
Phosphate	Phosphate/Ba3P2O8.cif	Ba3P2O8.cif	Ba3P2O8	Ba3P2O8	Ba3P2O8			Ba3 ( P O4 )2	ba3p2o8 | ba3p2o8 | ba3p2o8 | ba3 ( p o4 )2 | phosphate | phosphate/ba3p2o8.cif
Phosphate	Phosphate/Ca2P6O17.cif	Ca2P6O17.cif	Ca2P6O17	Ca2P6O17	Ca2P6O17			Ca2 P6 O17	ca2p6o17 | ca2p6o17 | ca2p6o17 | ca2 p6 o17 | phosphate | phosphate/ca2p6o17.cif
Phosphate	Phosphate/Ca3Cu3P4O16.cif	Ca3Cu3P4O16.cif	Ca3Cu3P4O16	Ca3Cu3P4O16	Ca3Cu3P4O16			Ca3 Cu3 ( P O4 )4	ca3cu3p4o16 | ca3cu3p4o16 | ca3cu3p4o16 | ca3 cu3 ( p o4 )4 | phosphate | phosphate/ca3cu3p4o16.cif
Phosphate	Phosphate/Ca4P6O19.cif	Ca4P6O19.cif	Ca4P6O19	Ca4P6O19	Ca4P6O19			Ca4 P6 O19	ca4p6o19 | ca4p6o19 | ca4p6o19 | ca4 p6 o19 | phosphate | phosphate/ca4p6o19.cif
Phosphate	Phosphate/CaP2O6-alpha.cif	CaP2O6-alpha.cif	CaP2O6-alpha	alphaCaP2O6	alphaCaP2O6			Ca P2 O6	cap2o6-alpha | alphacap2o6 | alphacap2o6 | ca p2 o6 | phosphate | phosphate/cap2o6-alpha.cif
Phosphate	Phosphate/CaP2O6-beta.cif	CaP2O6-beta.cif	CaP2O6-beta	betaCaP2O6	betaCaP2O6			Ca (PO3)2	cap2o6-beta | betacap2o6 | betacap2o6 | ca (po3)2 | phosphate | phosphate/cap2o6-beta.cif
Phosphate	Phosphate/CaP4O11.cif	CaP4O11.cif	CaP4O11	CaP4O11	CaP4O11			Ca P4 O11	cap4o11 | cap4o11 | cap4o11 | ca p4 o11 | phosphate | phosphate/cap4o11.cif
Phosphate	Phosphate/CDHA.cif	CDHA.cif	CDHA	CDHA	CDHA			?	cdha | cdha | cdha | ? | phosphate | phosphate/cdha.cif
Phosphate	Phosphate/CDHA-Wilson-Ca9p56.cif	CDHA-Wilson-Ca9p56.cif	CDHA-Wilson-Ca9p56	CalciumPhosphateHydroxideHydride	CalciumPhosphateHydroxideHydride			Ca9.56 ( P O4 )5.65 ( O H )2.32 ( ( O H )1.33 H0.85 )	cdha-wilson-ca9p56 | calciumphosphatehydroxidehydride | calciumphosphatehydroxidehydride | ca9.56 ( p o4 )5.65 ( o h )2.32 ( ( o h )1.33 h0.85 ) | phosphate | phosphate/cdha-wilson-ca9p56.cif
Phosphate	Phosphate/CDHA-Wilson-Ca9p59.cif	CDHA-Wilson-Ca9p59.cif	CDHA-Wilson-Ca9p59	CalciumHydrogenPhosphateHydroxideHydrate	CalciumHydrogenPhosphateHydroxideHydrate			Ca9.59 ( P O4 )5.75 ( O H )2.29 ( ( H2 O )0.92 H0.97 )	cdha-wilson-ca9p59 | calciumhydrogenphosphatehydroxidehydrate | calciumhydrogenphosphatehydroxidehydrate | ca9.59 ( p o4 )5.75 ( o h )2.29 ( ( h2 o )0.92 h0.97 ) | phosphate | phosphate/cdha-wilson-ca9p59.cif
Phosphate	Phosphate/CDHA-Wilson-Ca9p61.cif	CDHA-Wilson-Ca9p61.cif	CDHA-Wilson-Ca9p61	CalciumPhosphateHydroxideHydrateHydrogen	CalciumPhosphateHydroxideHydrateHydrogen			Ca9.61 ( P O4 )5.77 ( O H )2.29 ( ( H2 O )1.01 H0.59 )	cdha-wilson-ca9p61 | calciumphosphatehydroxidehydratehydrogen | calciumphosphatehydroxidehydratehydrogen | ca9.61 ( p o4 )5.77 ( o h )2.29 ( ( h2 o )1.01 h0.59 ) | phosphate | phosphate/cdha-wilson-ca9p61.cif
Phosphate	Phosphate/CDHA-Wilson-Ca9p62.cif	CDHA-Wilson-Ca9p62.cif	CDHA-Wilson-Ca9p62	CalciumPhosphateHydroxideHydrateHydrogen	CalciumPhosphateHydroxideHydrateHydrogen			Ca9.62 ( P O4 )5.8 ( O H )2.35 ( ( H2 O )1.01 H0.53 )	cdha-wilson-ca9p62 | calciumphosphatehydroxidehydratehydrogen | calciumphosphatehydroxidehydratehydrogen | ca9.62 ( p o4 )5.8 ( o h )2.35 ( ( h2 o )1.01 h0.53 ) | phosphate | phosphate/cdha-wilson-ca9p62.cif
Phosphate	Phosphate/CDHA-Wilson-Ca9p63.cif	CDHA-Wilson-Ca9p63.cif	CDHA-Wilson-Ca9p63	CalciumPhosphateHydroxideHydrateHydrogen	CalciumPhosphateHydroxideHydrateHydrogen			Ca9.63 ( P O4 )5.78 ( O H )2.36 ( ( H2 O )1.06 H0.12 )	cdha-wilson-ca9p63 | calciumphosphatehydroxidehydratehydrogen | calciumphosphatehydroxidehydratehydrogen | ca9.63 ( p o4 )5.78 ( o h )2.36 ( ( h2 o )1.06 h0.12 ) | phosphate | phosphate/cdha-wilson-ca9p63.cif
Phosphate	Phosphate/CPP-alpha.cif	CPP-alpha.cif	CPP-alpha	alphaCPP	alphaCPP			Ca2 P2 O7	cpp-alpha | alphacpp | alphacpp | ca2 p2 o7 | phosphate | phosphate/cpp-alpha.cif
Phosphate	Phosphate/CPP-beta.cif	CPP-beta.cif	CPP-beta	betaCPP	betaCPP			Ca2 ( P2 O7 )	cpp-beta | betacpp | betacpp | ca2 ( p2 o7 ) | phosphate | phosphate/cpp-beta.cif
Phosphate	Phosphate/CPP-beta-4Hydrate.cif	CPP-beta-4Hydrate.cif	CPP-beta-4Hydrate	betaCPPtetrahydrate	betaCPPtetrahydrate			?	cpp-beta-4hydrate | betacpptetrahydrate | betacpptetrahydrate | ? | phosphate | phosphate/cpp-beta-4hydrate.cif
Phosphate	Phosphate/CPP-gamma.cif	CPP-gamma.cif	CPP-gamma	gammaCa2P2O7	gammaCa2P2O7			Ca2 O7 P2	cpp-gamma | gammaca2p2o7 | gammaca2p2o7 | ca2 o7 p2 | phosphate | phosphate/cpp-gamma.cif
Phosphate	Phosphate/Cr3P2O8.cif	Cr3P2O8.cif	Cr3P2O8	Cr3P2O8	Cr3P2O8			Cr3 ( P O4 )2	cr3p2o8 | cr3p2o8 | cr3p2o8 | cr3 ( p o4 )2 | phosphate | phosphate/cr3p2o8.cif
Phosphate	Phosphate/Cu2P2O7-alpha.cif	Cu2P2O7-alpha.cif	Cu2P2O7-alpha	Cu2P2O7	Cu2P2O7			Cu2 ( P2 O7 )	cu2p2o7-alpha | cu2p2o7 | cu2p2o7 | cu2 ( p2 o7 ) | phosphate | phosphate/cu2p2o7-alpha.cif
Phosphate	Phosphate/Cu3P2O8.cif	Cu3P2O8.cif	Cu3P2O8	Cu3P2O8	Cu3P2O8			Cu3 ( P O4 )2	cu3p2o8 | cu3p2o8 | cu3p2o8 | cu3 ( p o4 )2 | phosphate | phosphate/cu3p2o8.cif
Phosphate	Phosphate/DCPA.cif	DCPA.cif	DCPA	DCPA	DCPA			Ca H (PO4)	dcpa | dcpa | dcpa | ca h (po4) | phosphate | phosphate/dcpa.cif
Phosphate	Phosphate/DCPD.cif	DCPD.cif	DCPD	DCPD	DCPD			Ca H (PO4) (H2O)2	dcpd | dcpd | dcpd | ca h (po4) (h2o)2 | phosphate | phosphate/dcpd.cif
Phosphate	Phosphate/GdP3O9-m.cif	GdP3O9-m.cif	GdP3O9-m	GdP3O9monocl	GdP3O9monocl			Gd P3 O9	gdp3o9-m | gdp3o9monocl | gdp3o9monocl | gd p3 o9 | phosphate | phosphate/gdp3o9-m.cif
Phosphate	Phosphate/GdP3O9-o.cif	GdP3O9-o.cif	GdP3O9-o	GdP3O9ortho	GdP3O9ortho			Gd P3 O9	gdp3o9-o | gdp3o9ortho | gdp3o9ortho | gd p3 o9 | phosphate | phosphate/gdp3o9-o.cif
Phosphate	Phosphate/GdP5O14.cif	GdP5O14.cif	GdP5O14	GdP5O14	GdP5O14			Gd P5 O14	gdp5o14 | gdp5o14 | gdp5o14 | gd p5 o14 | phosphate | phosphate/gdp5o14.cif
Phosphate	Phosphate/GdPO4.cif	GdPO4.cif	GdPO4	GdPO4	GdPO4			Gd P O4	gdpo4 | gdpo4 | gdpo4 | gd p o4 | phosphate | phosphate/gdpo4.cif
Phosphate	Phosphate/K2HPO4.cif	K2HPO4.cif	K2HPO4	K2HPO4	K2HPO4			H K2 ( P O4 )	k2hpo4 | k2hpo4 | k2hpo4 | h k2 ( p o4 ) | phosphate | phosphate/k2hpo4.cif
Phosphate	Phosphate/K3PO4.cif	K3PO4.cif	K3PO4	K3PO4	K3PO4			K3 ( P O4 )	k3po4 | k3po4 | k3po4 | k3 ( p o4 ) | phosphate | phosphate/k3po4.cif
Phosphate	Phosphate/K4P2O7.cif	K4P2O7.cif	K4P2O7	K4P2O7	K4P2O7			K4 P2 O7	k4p2o7 | k4p2o7 | k4p2o7 | k4 p2 o7 | phosphate | phosphate/k4p2o7.cif
Phosphate	Phosphate/K4P2O8.cif	K4P2O8.cif	K4P2O8	K4P2O8	K4P2O8			K4 ( P2 O8 )	k4p2o8 | k4p2o8 | k4p2o8 | k4 ( p2 o8 ) | phosphate | phosphate/k4p2o8.cif
Phosphate	Phosphate/KH2PO4.cif	KH2PO4.cif	KH2PO4	KH2PO4	KH2PO4			K H2 (PO4)	kh2po4 | kh2po4 | kh2po4 | k h2 (po4) | phosphate | phosphate/kh2po4.cif
Phosphate	Phosphate/KPO3.cif	KPO3.cif	KPO3	KPO3	KPO3			K P O3	kpo3 | kpo3 | kpo3 | k p o3 | phosphate | phosphate/kpo3.cif
Phosphate	Phosphate/Li3PO4-beta.cif	Li3PO4-beta.cif	Li3PO4-beta	betaLi3PO4	betaLi3PO4			Li3 P O4	li3po4-beta | betali3po4 | betali3po4 | li3 p o4 | phosphate | phosphate/li3po4-beta.cif
Phosphate	Phosphate/Li3PO4-gamma.cif	Li3PO4-gamma.cif	Li3PO4-gamma	gammaLi3PO4	gammaLi3PO4			Li3 O4 P	li3po4-gamma | gammali3po4 | gammali3po4 | li3 o4 p | phosphate | phosphate/li3po4-gamma.cif
Phosphate	Phosphate/MCPA.cif	MCPA.cif	MCPA	MCPA	MCPA			Ca H4 (PO4)2	mcpa | mcpa | mcpa | ca h4 (po4)2 | phosphate | phosphate/mcpa.cif
Phosphate	Phosphate/MCPM.cif	MCPM.cif	MCPM	MCPM	MCPM			Ca H4 (PO4)2 (H2O)	mcpm | mcpm | mcpm | ca h4 (po4)2 (h2o) | phosphate | phosphate/mcpm.cif
Phosphate	Phosphate/Mg2P2O7.cif	Mg2P2O7.cif	Mg2P2O7	Mg2P2O7	Mg2P2O7			Mg2 ( P2 O7 )	mg2p2o7 | mg2p2o7 | mg2p2o7 | mg2 ( p2 o7 ) | phosphate | phosphate/mg2p2o7.cif
Phosphate	Phosphate/Mg2P2O7-35Hydrate.cif	Mg2P2O7-35Hydrate.cif	Mg2P2O7-35Hydrate	MagnesiumPhosphateHydrate	MagnesiumPhosphateHydrate			Mg2 ( P2 O7 ) ( H2 O )3.5	mg2p2o7-35hydrate | magnesiumphosphatehydrate | magnesiumphosphatehydrate | mg2 ( p2 o7 ) ( h2 o )3.5 | phosphate | phosphate/mg2p2o7-35hydrate.cif
Phosphate	Phosphate/Na2HPO4.cif	Na2HPO4.cif	Na2HPO4	Na2HPO4	Na2HPO4			Na2 H (PO4)	na2hpo4 | na2hpo4 | na2hpo4 | na2 h (po4) | phosphate | phosphate/na2hpo4.cif
Phosphate	Phosphate/NaCaPO4.cif	NaCaPO4.cif	NaCaPO4	NaCaPO4	NaCaPO4			Na Ca ( P O4 )	nacapo4 | nacapo4 | nacapo4 | na ca ( p o4 ) | phosphate | phosphate/nacapo4.cif
Phosphate	Phosphate/NaCaPO4-beta.cif	NaCaPO4-beta.cif	NaCaPO4-beta	SodiumCalciumPhosphate	SodiumCalciumPhosphate			Na Ca ( P O4 )	nacapo4-beta | sodiumcalciumphosphate | sodiumcalciumphosphate | na ca ( p o4 ) | phosphate | phosphate/nacapo4-beta.cif
Phosphate	Phosphate/NaH2PO4.cif	NaH2PO4.cif	NaH2PO4	NaH2PO4	NaH2PO4			Na H2 (PO4)	nah2po4 | nah2po4 | nah2po4 | na h2 (po4) | phosphate | phosphate/nah2po4.cif
Phosphate	Phosphate/NaPO3.cif	NaPO3.cif	NaPO3	NaPO3	NaPO3			Na P O3	napo3 | napo3 | napo3 | na p o3 | phosphate | phosphate/napo3.cif
Phosphate	Phosphate/NH42HPO4.cif	NH42HPO4.cif	NH42HPO4	NH42HPO4	NH42HPO4			H ( N H4 )2 ( P O4 )	nh42hpo4 | nh42hpo4 | nh42hpo4 | h ( n h4 )2 ( p o4 ) | phosphate | phosphate/nh42hpo4.cif
Phosphate	Phosphate/NH4H2PO4.cif	NH4H2PO4.cif	NH4H2PO4	NH4H2PO4	NH4H2PO4			(NH4) H2 (PO4)	nh4h2po4 | nh4h2po4 | nh4h2po4 | (nh4) h2 (po4) | phosphate | phosphate/nh4h2po4.cif
Phosphate	Phosphate/NH4PO3.cif	NH4PO3.cif	NH4PO3	NH4PO3	NH4PO3			( N H4 ) P O3	nh4po3 | nh4po3 | nh4po3 | ( n h4 ) p o3 | phosphate | phosphate/nh4po3.cif
Phosphate	Phosphate/OCP.cif	OCP.cif	OCP	OCP	OCP			Ca8 H2 (PO4)6 (H2O)5	ocp | ocp | ocp | ca8 h2 (po4)6 (h2o)5 | phosphate | phosphate/ocp.cif
Phosphate	Phosphate/P2O5-o.cif	P2O5-o.cif	P2O5-o	P2O5ortho	P2O5ortho			P2 O5	p2o5-o | p2o5ortho | p2o5ortho | p2 o5 | phosphate | phosphate/p2o5-o.cif
Phosphate	Phosphate/P2O5-o2.cif	P2O5-o2.cif	P2O5-o2	P2O5ortho2	P2O5ortho2			P2 O5	p2o5-o2 | p2o5ortho2 | p2o5ortho2 | p2 o5 | phosphate | phosphate/p2o5-o2.cif
Phosphate	Phosphate/P2O5-r.cif	P2O5-r.cif	P2O5-r	P2O5rhombo	P2O5rhombo			P2 O5	p2o5-r | p2o5rhombo | p2o5rhombo | p2 o5 | phosphate | phosphate/p2o5-r.cif
Phosphate	Phosphate/Sr2P2O7-alpha.cif	Sr2P2O7-alpha.cif	Sr2P2O7-alpha	alphaSr2P2O7	alphaSr2P2O7			Sr2 ( P2 O7 )	sr2p2o7-alpha | alphasr2p2o7 | alphasr2p2o7 | sr2 ( p2 o7 ) | phosphate | phosphate/sr2p2o7-alpha.cif
Phosphate	Phosphate/Sr3P2O8.cif	Sr3P2O8.cif	Sr3P2O8	Sr3P2O8	Sr3P2O8			Sr3 ( P O4 )2	sr3p2o8 | sr3p2o8 | sr3p2o8 | sr3 ( p o4 )2 | phosphate | phosphate/sr3p2o8.cif
Phosphate	Phosphate/SrHPO4-alpha.cif	SrHPO4-alpha.cif	SrHPO4-alpha	alphaSrHPO4	alphaSrHPO4			Sr H P O4	srhpo4-alpha | alphasrhpo4 | alphasrhpo4 | sr h p o4 | phosphate | phosphate/srhpo4-alpha.cif
Phosphate	Phosphate/SrHPO4-gamma.cif	SrHPO4-gamma.cif	SrHPO4-gamma	gammaSrHPO4	gammaSrHPO4			Sr (HPO4)	srhpo4-gamma | gammasrhpo4 | gammasrhpo4 | sr (hpo4) | phosphate | phosphate/srhpo4-gamma.cif
Phosphate	Phosphate/SrMgP2O7.cif	SrMgP2O7.cif	SrMgP2O7	SrMgP2O7	SrMgP2O7			Sr Mg ( P2 O7 )	srmgp2o7 | srmgp2o7 | srmgp2o7 | sr mg ( p2 o7 ) | phosphate | phosphate/srmgp2o7.cif
Phosphate	Phosphate/SrP2O6.cif	SrP2O6.cif	SrP2O6	SrP2O6	SrP2O6			Sr P2 O6	srp2o6 | srp2o6 | srp2o6 | sr p2 o6 | phosphate | phosphate/srp2o6.cif
Phosphate	Phosphate/TCP-alpha.cif	TCP-alpha.cif	TCP-alpha	alphaTCP	alphaTCP			Ca3 (PO4)2	tcp-alpha | alphatcp | alphatcp | ca3 (po4)2 | phosphate | phosphate/tcp-alpha.cif
Phosphate	Phosphate/TCP-beta.cif	TCP-beta.cif	TCP-beta	betaTCP	betaTCP			Ca3 (PO4)2	tcp-beta | betatcp | betatcp | ca3 (po4)2 | phosphate | phosphate/tcp-beta.cif
Phosphate	Phosphate/TCP-beta-Mg.cif	TCP-beta-Mg.cif	TCP-beta-Mg	betaTCPMg	betaTCPMg			Ca2.71 Mg0.29 (PO4)2	tcp-beta-mg | betatcpmg | betatcpmg | ca2.71 mg0.29 (po4)2 | phosphate | phosphate/tcp-beta-mg.cif
Phosphate	Phosphate/TCP-Cr0_29.cif	TCP-Cr0_29.cif	TCP-Cr0_29	Ca9CrP7O28	Ca9CrP7O28			Ca9 Cr ( P O4 )7	tcp-cr0_29 | ca9crp7o28 | ca9crp7o28 | ca9 cr ( p o4 )7 | phosphate | phosphate/tcp-cr0_29.cif
Phosphate	Phosphate/TCP-Fe0_29.cif	TCP-Fe0_29.cif	TCP-Fe0_29	Ca9FeP7O28	Ca9FeP7O28			Ca9 Fe ( P O4 )7	tcp-fe0_29 | ca9fep7o28 | ca9fep7o28 | ca9 fe ( p o4 )7 | phosphate | phosphate/tcp-fe0_29.cif
Phosphate	Phosphate/TCP-Na0_29.cif	TCP-Na0_29.cif	TCP-Na0_29	Ca10NaP7O28	Ca10NaP7O28			Ca10 Na ( P O4 )7	tcp-na0_29 | ca10nap7o28 | ca10nap7o28 | ca10 na ( p o4 )7 | phosphate | phosphate/tcp-na0_29.cif
Phosphate	Phosphate/TCP-Sr0_25.cif	TCP-Sr0_25.cif	TCP-Sr0_25	Sr025Ca275P2O8	Sr025Ca275P2O8			Sr0.25 Ca2.75 ( P O4 )2	tcp-sr0_25 | sr025ca275p2o8 | sr025ca275p2o8 | sr0.25 ca2.75 ( p o4 )2 | phosphate | phosphate/tcp-sr0_25.cif
Phosphate	Phosphate/TCP-Sr1_00.cif	TCP-Sr1_00.cif	TCP-Sr1_00	SrCa2P2O8	SrCa2P2O8			Sr Ca2 ( P O4 )2	tcp-sr1_00 | srca2p2o8 | srca2p2o8 | sr ca2 ( p o4 )2 | phosphate | phosphate/tcp-sr1_00.cif
Phosphate	Phosphate/TCP-Sr2_29.cif	TCP-Sr2_29.cif	TCP-Sr2_29	Sr8Ca25P7O28	Sr8Ca25P7O28			Sr8 Ca2.5 ( P O4 )7	tcp-sr2_29 | sr8ca25p7o28 | sr8ca25p7o28 | sr8 ca2.5 ( p o4 )7 | phosphate | phosphate/tcp-sr2_29.cif
Phosphate	Phosphate/TetCP.cif	TetCP.cif	TetCP	Tetracalciumphosphate	Tetracalciumphosphate			Ca4 (PO4)2 O	tetcp | tetracalciumphosphate | tetracalciumphosphate | ca4 (po4)2 o | phosphate | phosphate/tetcp.cif
SiC	SiC/SiC-10T.cif	SiC-10T.cif	SiC-10T	SiC_10T	SiC-10T			Si C	sic-10t | sic_10t | sic-10t | si c | sic | sic/sic-10t.cif
SiC	SiC/SiC-126R.cif	SiC-126R.cif	SiC-126R	SiC_126R	SiC-126R			Si C	sic-126r | sic_126r | sic-126r | si c | sic | sic/sic-126r.cif
SiC	SiC/SiC-141R.cif	SiC-141R.cif	SiC-141R	SiC_141R	SiC-141R			Si C	sic-141r | sic_141r | sic-141r | si c | sic | sic/sic-141r.cif
SiC	SiC/SiC-15R.cif	SiC-15R.cif	SiC-15R	SiC_15R	SiC-15R			Si C	sic-15r | sic_15r | sic-15r | si c | sic | sic/sic-15r.cif
SiC	SiC/SiC-16H.cif	SiC-16H.cif	SiC-16H	SiC_16H	SiC-16H			Si C	sic-16h | sic_16h | sic-16h | si c | sic | sic/sic-16h.cif
SiC	SiC/SiC-174R.cif	SiC-174R.cif	SiC-174R	SiC_174R	SiC-174R			Si C	sic-174r | sic_174r | sic-174r | si c | sic | sic/sic-174r.cif
SiC	SiC/SiC-19T.cif	SiC-19T.cif	SiC-19T	SiC_19T	SiC-19T			Si C	sic-19t | sic_19t | sic-19t | si c | sic | sic/sic-19t.cif
SiC	SiC/SiC-21H.cif	SiC-21H.cif	SiC-21H	SiC_21H	SiC-21H			Si C	sic-21h | sic_21h | sic-21h | si c | sic | sic/sic-21h.cif
SiC	SiC/SiC-21R.cif	SiC-21R.cif	SiC-21R	SiC_21R	SiC-21R			Si C	sic-21r | sic_21r | sic-21r | si c | sic | sic/sic-21r.cif
SiC	SiC/SiC-24R.cif	SiC-24R.cif	SiC-24R	SiC_24R	SiC-24R			Si C	sic-24r | sic_24r | sic-24r | si c | sic | sic/sic-24r.cif
SiC	SiC/SiC-27H.cif	SiC-27H.cif	SiC-27H	SiC_27H	SiC-27H			Si C	sic-27h | sic_27h | sic-27h | si c | sic | sic/sic-27h.cif
SiC	SiC/SiC-27T.cif	SiC-27T.cif	SiC-27T	SiC_27T	SiC-27T			Si C	sic-27t | sic_27t | sic-27t | si c | sic | sic/sic-27t.cif
SiC	SiC/SiC-2H.cif	SiC-2H.cif	SiC-2H	SiC_2H	SiC-2H			Si C	sic-2h | sic_2h | sic-2h | si c | sic | sic/sic-2h.cif
SiC	SiC/SiC-33R.cif	SiC-33R.cif	SiC-33R	SiC_33R	SiC-33R			Si C	sic-33r | sic_33r | sic-33r | si c | sic | sic/sic-33r.cif
SiC	SiC/SiC-36T.cif	SiC-36T.cif	SiC-36T	SiC_36T	SiC-36T			Si C	sic-36t | sic_36t | sic-36t | si c | sic | sic/sic-36t.cif
SiC	SiC/SiC-3C.cif	SiC-3C.cif	SiC-3C	SiC_3C	SiC-3C			Si C	sic-3c | sic_3c | sic-3c | si c | sic | sic/sic-3c.cif
SiC	SiC/SiC-4H.cif	SiC-4H.cif	SiC-4H	SiC_4H	SiC-4H			Si C	sic-4h | sic_4h | sic-4h | si c | sic | sic/sic-4h.cif
SiC	SiC/SiC-51R.cif	SiC-51R.cif	SiC-51R	SiC_51R	SiC-51R			Si C	sic-51r | sic_51r | sic-51r | si c | sic | sic/sic-51r.cif
SiC	SiC/SiC-57R.cif	SiC-57R.cif	SiC-57R	SiC_57R	SiC-57R			Si C	sic-57r | sic_57r | sic-57r | si c | sic | sic/sic-57r.cif
SiC	SiC/SiC-5H.cif	SiC-5H.cif	SiC-5H	SiC_5H	SiC-5H			Si C	sic-5h | sic_5h | sic-5h | si c | sic | sic/sic-5h.cif
SiC	SiC/SiC-69R.cif	SiC-69R.cif	SiC-69R	SiC_69R	SiC-69R			Si C	sic-69r | sic_69r | sic-69r | si c | sic | sic/sic-69r.cif
SiC	SiC/SiC-6H.cif	SiC-6H.cif	SiC-6H	SiC_6H	SiC-6H			Si C	sic-6h | sic_6h | sic-6h | si c | sic | sic/sic-6h.cif
SiC	SiC/SiC-75R.cif	SiC-75R.cif	SiC-75R	SiC_75R	SiC-75R			Si C	sic-75r | sic_75r | sic-75r | si c | sic | sic/sic-75r.cif
SiC	SiC/SiC-84R.cif	SiC-84R.cif	SiC-84R	SiC_84R	SiC-84R			Si C	sic-84r | sic_84r | sic-84r | si c | sic | sic/sic-84r.cif
SiC	SiC/SiC-8H.cif	SiC-8H.cif	SiC-8H	SiC_8H	SiC-8H			Si C	sic-8h | sic_8h | sic-8h | si c | sic | sic/sic-8h.cif
SiC	SiC/SiC-93R.cif	SiC-93R.cif	SiC-93R	SiC_93R	SiC-93R			Si C	sic-93r | sic_93r | sic-93r | si c | sic | sic/sic-93r.cif
